validation_scheme,heldout_band,feature,train_mean,heldout_mean,mean_difference,standardized_mean_difference,train_median,heldout_median,median_difference,train_iqr,heldout_iqr,iqr_difference,train_missingness,heldout_missingness,missingness_difference,abs_standardized_mean_difference
five_band_holdout,band_5_north,annual_mean_sst_crw5km,13.143338,11.637223,-1.506115,-1.902661,13.101288,11.586911,-1.514377,1.019598,0.775637,-0.243961,0.000000,0.000000,0.000000,1.902661
five_band_holdout,band_3_central,slope_mean,0.025709,0.071260,0.045551,1.652166,0.020022,0.065134,0.045112,0.011450,0.066458,0.055008,0.000000,0.000000,0.000000,1.652166
five_band_holdout,band_1_south,annual_mean_sst_crw5km,12.563957,13.954748,1.390791,1.559049,12.695973,13.793229,1.097256,1.379836,1.193655,-0.186181,0.000000,0.000000,0.000000,1.559049
five_band_holdout,band_1_south,winter_max_wave_height_cdip_model,5.615952,3.743980,-1.871972,-1.203575,5.666351,3.680398,-1.985952,2.884374,1.444584,-1.439791,0.305556,0.305556,0.000000,1.203575
five_band_holdout,band_3_central,relative_canopy,0.104130,0.251065,0.146935,1.162655,0.068238,0.248629,0.180390,0.135549,0.233563,0.098015,0.000000,0.000000,0.000000,1.162655
five_band_holdout,band_4_north_central,slope_mean,0.039691,0.015334,-0.024357,-1.131194,0.026916,0.015393,-0.011523,0.039134,0.010893,-0.028242,0.000000,0.000000,0.000000,1.131194
five_band_holdout,band_5_north,winter_max_wave_height_cdip_model,4.873249,6.714792,1.841543,1.130207,4.356973,6.591412,2.234439,2.489105,1.635742,-0.853363,0.305556,0.305556,0.000000,1.130207
five_band_holdout,band_5_north,relative_canopy,0.156783,0.040453,-0.116330,-1.128971,0.121815,0.018100,-0.103715,0.196673,0.055387,-0.141286,0.000000,0.000000,0.000000,1.128971
five_band_holdout,band_5_north,instability_score_5yr_t,0.090913,0.042792,-0.048122,-1.010685,0.082708,0.035118,-0.047590,0.076109,0.050495,-0.025615,0.000000,0.000000,0.000000,1.010685
five_band_holdout,band_5_north,presence_frequency_5yr_t,0.913611,0.638889,-0.274722,-0.997158,1.000000,0.600000,-0.400000,0.000000,0.600000,0.600000,0.000000,0.000000,0.000000,0.997158
five_band_holdout,band_3_central,winter_max_wave_height_cdip_model,4.891381,6.642264,1.750883,0.966964,4.501669,6.498426,1.996757,2.645689,2.479360,-0.166329,0.305556,0.305556,0.000000,0.966964
five_band_holdout,band_2_south_central,instability_score_5yr_t,0.070394,0.124870,0.054476,0.930296,0.064505,0.120050,0.055545,0.067454,0.088613,0.021160,0.000000,0.000000,0.000000,0.930296
five_band_holdout,band_3_central,presence_frequency_5yr_t,0.823750,0.998333,0.174583,0.885524,1.000000,1.000000,0.000000,0.200000,0.000000,-0.200000,0.000000,0.000000,0.000000,0.885524
five_band_holdout,band_1_south,slope_mean,0.038379,0.020580,-0.017799,-0.803448,0.025418,0.018983,-0.006435,0.040381,0.007305,-0.033076,0.000000,0.000000,0.000000,0.803448
five_band_holdout,band_4_north_central,instability_score_5yr_t,0.088912,0.050797,-0.038115,-0.784761,0.080589,0.052451,-0.028138,0.082621,0.054220,-0.028401,0.000000,0.000000,0.000000,0.784761
five_band_holdout,band_1_south,distance_to_cdip_model_point_km,10.386948,6.194700,-4.192248,-0.729738,10.019855,5.402856,-4.616999,7.733465,9.616936,1.883471,0.000000,0.000000,0.000000,0.729738
five_band_holdout,band_3_central,mean_depth_m,65.072839,123.703314,58.630475,0.707259,52.855776,88.887629,36.031854,40.422901,119.176813,78.753913,0.000000,0.000000,0.000000,0.707259
five_band_holdout,band_4_north_central,annual_mean_sst_crw5km,12.981597,12.284187,-0.697411,-0.700863,12.993333,12.293110,-0.700223,1.184370,1.395993,0.211623,0.000000,0.000000,0.000000,0.700863
five_band_holdout,band_2_south_central,winter_max_wave_height_cdip_model,5.476163,4.303137,-1.173026,-0.667804,5.364428,3.990879,-1.373549,2.855750,2.062232,-0.793518,0.305556,0.305556,0.000000,0.667804
five_band_holdout,band_2_south_central,distance_to_cdip_model_point_km,8.692337,12.973144,4.280807,0.654714,8.602550,11.586679,2.984130,7.891016,8.607444,0.716428,0.000000,0.000000,0.000000,0.654714
five_band_holdout,band_4_north_central,relative_canopy,0.148119,0.075112,-0.073007,-0.648961,0.106904,0.052419,-0.054485,0.204280,0.102843,-0.101437,0.000000,0.000000,0.000000,0.648961
five_band_holdout,band_2_south_central,annual_mean_sst_crw5km,12.730272,13.289487,0.559214,0.611058,12.758143,13.162411,0.404268,1.636911,0.624342,-1.012568,0.000000,0.000000,0.000000,0.611058
five_band_holdout,band_2_south_central,presence_frequency_5yr_t,0.833333,0.960000,0.126667,0.609545,1.000000,1.000000,0.000000,0.200000,0.000000,-0.200000,0.000000,0.000000,0.000000,0.609545
five_band_holdout,band_4_north_central,mean_depth_m,84.126709,47.487834,-36.638875,-0.606348,61.233298,44.117849,-17.115449,54.983818,28.087884,-26.895935,0.000000,0.000000,0.000000,0.606348
five_band_holdout,band_5_north,slope_mean,0.037580,0.023778,-0.013802,-0.603504,0.023130,0.021682,-0.001447,0.040015,0.014794,-0.025221,0.000000,0.000000,0.000000,0.603504
five_band_holdout,band_5_north,mean_depth_m,83.639993,49.434698,-34.205295,-0.569533,59.556161,56.878734,-2.677428,55.546250,33.793727,-21.752523,0.000000,0.000000,0.000000,0.569533
five_band_holdout,band_3_central,canopy_drop_from_historical_peak,0.619596,0.443981,-0.175615,-0.568735,0.709457,0.432628,-0.276829,0.514628,0.495727,-0.018901,0.000000,0.000000,0.000000,0.568735
five_band_holdout,band_3_central,canopy_current_relative_to_cell_max,0.380404,0.556019,0.175615,0.568735,0.290543,0.567372,0.276829,0.514628,0.495727,-0.018901,0.000000,0.000000,0.000000,0.568735
five_band_holdout,band_3_central,instability_score_5yr_t,0.075311,0.105200,0.029889,0.533187,0.065593,0.099287,0.033694,0.073334,0.071810,-0.001524,0.000000,0.000000,0.000000,0.533187
five_band_holdout,band_1_south,mean_depth_m,82.792739,52.823715,-29.969024,-0.486400,60.545089,44.652471,-15.892618,50.790996,45.291153,-5.499843,0.000000,0.000000,0.000000,0.486400
five_band_holdout,band_2_south_central,mean_depth_m,68.362390,110.545109,42.182718,0.471308,56.196178,73.906945,17.710767,39.056703,84.965000,45.908297,0.000000,0.000000,0.000000,0.471308
five_band_holdout,band_5_north,canopy_drop_from_historical_peak,0.553449,0.708569,0.155120,0.466890,0.604040,0.873894,0.269854,0.531205,0.426687,-0.104518,0.000000,0.000000,0.000000,0.466890
five_band_holdout,band_5_north,canopy_current_relative_to_cell_max,0.446551,0.291431,-0.155120,-0.466890,0.395960,0.126106,-0.269854,0.531205,0.426687,-0.104518,0.000000,0.000000,0.000000,0.466890
five_band_holdout,band_5_north,canopy_drop_from_recent_peak_5yr,0.417152,0.580887,0.163736,0.454838,0.411372,0.708952,0.297581,0.687307,0.795267,0.107960,0.000000,0.000000,0.000000,0.454838
five_band_holdout,band_2_south_central,relative_canopy,0.121678,0.180873,0.059195,0.435462,0.078258,0.146918,0.068659,0.169425,0.195018,0.025593,0.000000,0.000000,0.000000,0.435462
five_band_holdout,band_3_central,shallow_area_share_0_30m,0.334524,0.218584,-0.115940,-0.426907,0.253091,0.121994,-0.131096,0.420164,0.138171,-0.281994,0.000000,0.000000,0.000000,0.426907
five_band_holdout,band_3_central,canopy_drop_from_recent_peak_5yr,0.477085,0.341154,-0.135931,-0.418076,0.520686,0.330008,-0.190678,0.789562,0.532078,-0.257485,0.000000,0.000000,0.000000,0.418076
five_band_holdout,band_2_south_central,slope_mean,0.032738,0.043145,0.010407,0.388674,0.020022,0.028997,0.008974,0.020269,0.047199,0.026930,0.000000,0.000000,0.000000,0.388674
five_band_holdout,band_3_central,canopy_current_relative_to_cell_median,1.178565,0.787338,-0.391227,-0.378671,0.926371,0.818719,-0.107652,1.164845,0.559046,-0.605799,0.000000,0.000000,0.000000,0.378671
five_band_holdout,band_4_north_central,summer_ssta_crw5km,-0.301058,-0.004449,0.296609,0.374567,-0.465707,-0.147826,0.317880,0.819701,0.874402,0.054701,0.000000,0.000000,0.000000,0.374567
five_band_holdout,band_1_south,shallow_area_share_0_30m,0.293136,0.384136,0.091000,0.351287,0.150560,0.326615,0.176055,0.367680,0.466832,0.099151,0.000000,0.000000,0.000000,0.351287
five_band_holdout,band_4_north_central,spring_ssta_crw5km,-0.497732,-0.237309,0.260423,0.346594,-0.571374,-0.248516,0.322857,0.918709,1.080879,0.162170,0.000000,0.000000,0.000000,0.346594
five_band_holdout,band_4_north_central,winter_max_wave_height_cdip_model,5.351043,4.803616,-0.547427,-0.315150,5.167526,4.501669,-0.665857,3.095150,2.110660,-0.984490,0.305556,0.305556,0.000000,0.315150
five_band_holdout,band_2_south_central,summer_ssta_crw5km,-0.193581,-0.434358,-0.240777,-0.300713,-0.353750,-0.577663,-0.223913,0.892745,0.658234,-0.234511,0.000000,0.000000,0.000000,0.300713
five_band_holdout,band_4_north_central,presence_frequency_5yr_t,0.875139,0.792778,-0.082361,-0.296784,1.000000,1.000000,0.000000,0.200000,0.400000,0.200000,0.000000,0.000000,0.000000,0.296784
five_band_holdout,band_1_south,canopy_current_percentile_within_cell,0.479187,0.567312,0.088125,0.292608,0.431677,0.565714,0.134037,0.550000,0.523708,-0.026292,0.000000,0.000000,0.000000,0.292608
five_band_holdout,band_3_central,canopy_current_percentile_within_cell,0.514067,0.427791,-0.086276,-0.281069,0.500000,0.355042,-0.144958,0.540022,0.523810,-0.016212,0.000000,0.000000,0.000000,0.281069
five_band_holdout,band_3_central,annual_mean_sst_crw5km,12.791411,13.044931,0.253520,0.274746,12.865362,12.949738,0.084376,1.681685,0.640274,-1.041411,0.000000,0.000000,0.000000,0.274746
five_band_holdout,band_2_south_central,spring_ssta_crw5km,-0.410574,-0.585942,-0.175368,-0.242396,-0.436429,-0.668736,-0.232308,1.023462,0.845742,-0.177720,0.000000,0.000000,0.000000,0.242396
five_band_holdout,band_1_south,presence_frequency_5yr_t,0.847500,0.903333,0.055833,0.240033,1.000000,1.000000,0.000000,0.200000,0.200000,0.000000,0.000000,0.000000,0.000000,0.240033
five_band_holdout,band_1_south,canopy_current_relative_to_cell_median,1.045384,1.320063,0.274679,0.206079,0.845246,1.000000,0.154754,0.866252,1.170474,0.304222,0.000000,0.000000,0.000000,0.206079
five_band_holdout,band_5_north,distance_to_cdip_model_point_km,9.313684,10.487755,1.174071,0.198656,9.401554,8.885563,-0.515991,8.777176,6.888786,-1.888390,0.000000,0.000000,0.000000,0.198656
five_band_holdout,band_4_north_central,canopy_drop_from_recent_peak_5yr_x_spring_ssta_local_z,0.032370,0.128585,0.096215,0.189238,0.000000,0.000000,0.000000,0.356436,0.385715,0.029279,0.000000,0.000000,0.000000,0.189238
five_band_holdout,band_2_south_central,summer_ssta_crw5km_percentile_within_cell,0.492609,0.437302,-0.055308,-0.184313,0.500000,0.428571,-0.071429,0.500000,0.544643,0.044643,0.000000,0.000000,0.000000,0.184313
five_band_holdout,band_5_north,canopy_current_percentile_within_cell,0.507521,0.453976,-0.053544,-0.169466,0.500000,0.358571,-0.141429,0.519231,0.584677,0.065447,0.000000,0.000000,0.000000,0.169466
five_band_holdout,band_3_central,canopy_5yr_slope_t,-0.001365,-0.006613,-0.005248,-0.167957,-0.000425,-0.005790,-0.005365,0.028970,0.043374,0.014404,0.000000,0.000000,0.000000,0.167957
five_band_holdout,band_2_south_central,summer_ssta_crw5km_local_z,-0.088494,-0.243565,-0.155070,-0.157485,-0.239434,-0.430913,-0.191479,0.992280,0.841926,-0.150354,0.000000,0.000000,0.000000,0.157485
five_band_holdout,band_5_north,canopy_current_relative_to_cell_median,1.050208,1.300765,0.250557,0.156694,0.926693,0.589297,-0.337397,0.822499,1.240435,0.417936,0.000000,0.000000,0.000000,0.156694
five_band_holdout,band_4_north_central,summer_ssta_crw5km_percentile_within_cell,0.472545,0.517560,0.045015,0.154338,0.464286,0.500000,0.035714,0.500000,0.535714,0.035714,0.000000,0.000000,0.000000,0.154338
five_band_holdout,band_2_south_central,warmest_month_mean_sst_crw5km_percentile_within_cell,0.515650,0.473611,-0.042039,-0.147787,0.500000,0.428571,-0.071429,0.464286,0.500000,0.035714,0.000000,0.000000,0.000000,0.147787
five_band_holdout,band_2_south_central,shallow_area_share_0_30m,0.318994,0.280704,-0.038289,-0.144722,0.186217,0.141951,-0.044266,0.365413,0.412667,0.047253,0.000000,0.000000,0.000000,0.144722
five_band_holdout,band_1_south,relative_canopy,0.136876,0.120083,-0.016792,-0.138504,0.093414,0.097625,0.004211,0.190456,0.136388,-0.054068,0.000000,0.000000,0.000000,0.138504
five_band_holdout,band_4_north_central,shallow_area_share_0_30m,0.303470,0.342797,0.039327,0.137540,0.176363,0.273292,0.096929,0.367430,0.386568,0.019137,0.000000,0.000000,0.000000,0.137540
five_band_holdout,band_4_north_central,summer_ssta_local_z_x_shallow_area_share_0_30m,-0.042843,0.011553,0.054396,0.131403,-0.042413,-0.009374,0.033039,0.193498,0.173601,-0.019897,0.000000,0.000000,0.000000,0.131403
five_band_holdout,band_4_north_central,summer_ssta_crw5km_local_z,-0.143905,-0.021922,0.121983,0.128994,-0.325655,-0.134561,0.191093,0.960959,0.986612,0.025653,0.000000,0.000000,0.000000,0.128994
five_band_holdout,band_2_south_central,summer_ssta_local_z_x_shallow_area_share_0_30m,-0.021812,-0.072571,-0.050758,-0.126805,-0.030478,-0.051709,-0.021231,0.194736,0.180499,-0.014236,0.000000,0.000000,0.000000,0.126805
five_band_holdout,band_4_north_central,spring_ssta_local_z_x_shallow_area_share_0_30m,-0.009266,0.040850,0.050115,0.118761,-0.013089,0.001649,0.014738,0.224607,0.207434,-0.017173,0.000000,0.000000,0.000000,0.118761
five_band_holdout,band_1_south,warmest_month_mean_sst_crw5km_percentile_within_cell,0.500620,0.533730,0.033110,0.116895,0.500000,0.571429,0.071429,0.500000,0.500000,0.000000,0.000000,0.000000,0.000000,0.116895
five_band_holdout,band_5_north,canopy_5yr_slope_relative_to_cell_median,-0.012476,-0.079251,-0.066774,-0.114200,-0.011219,-0.023627,-0.012408,0.261506,0.529700,0.268194,0.000000,0.000000,0.000000,0.114200
five_band_holdout,band_2_south_central,annual_max_wave_height_percentile_within_wave_source,0.546882,0.512941,-0.033941,-0.112147,0.588235,0.529412,-0.058824,0.529412,0.588235,0.058824,0.305556,0.305556,0.000000,0.112147
five_band_holdout,band_2_south_central,canopy_drop_from_recent_peak_5yr_x_spring_ssta_local_z,0.062561,0.007819,-0.054742,-0.111992,0.000000,0.000000,0.000000,0.396669,0.293891,-0.102778,0.000000,0.000000,0.000000,0.111992
five_band_holdout,band_2_south_central,canopy_current_relative_to_cell_median,1.124338,1.004246,-0.120092,-0.108734,0.877702,0.932460,0.054758,0.931624,0.802123,-0.129500,0.000000,0.000000,0.000000,0.108734
five_band_holdout,band_4_north_central,distance_to_cdip_model_point_km,9.688571,8.988208,-0.700363,-0.107553,9.536264,6.578553,-2.957711,7.763504,7.784403,0.020899,0.000000,0.000000,0.000000,0.107553
five_band_holdout,band_5_north,canopy_3yr_slope_relative_x_winter_wave_local_z,-0.006209,0.107208,0.113417,0.103438,-0.009380,-0.004010,0.005370,0.310330,0.316072,0.005742,0.305556,0.305556,0.000000,0.103438
five_band_holdout,band_4_north_central,spring_ssta_crw5km_percentile_within_cell,0.504762,0.533829,0.029067,0.103214,0.464286,0.535714,0.071429,0.464286,0.500000,0.035714,0.000000,0.000000,0.000000,0.103214
five_band_holdout,band_4_north_central,canopy_5yr_slope_t,-0.002950,-0.000275,0.002674,0.098770,-0.001735,0.000607,0.002342,0.034627,0.022674,-0.011953,0.000000,0.000000,0.000000,0.098770
five_band_holdout,band_4_north_central,canopy_current_percentile_within_cell,0.490660,0.521418,0.030758,0.098576,0.454545,0.500000,0.045455,0.532366,0.575980,0.043614,0.000000,0.000000,0.000000,0.098576
five_band_holdout,band_4_north_central,spring_ssta_crw5km_local_z,-0.028930,0.063834,0.092763,0.097746,-0.118155,0.016084,0.134239,1.233936,1.356907,0.122971,0.000000,0.000000,0.000000,0.097746
five_band_holdout,band_2_south_central,lag1_winter_max_wave_height_local_z,0.141859,0.041528,-0.100331,-0.096901,0.092558,-0.021173,-0.113732,1.636633,1.556333,-0.080301,0.333333,0.333333,0.000000,0.096901
five_band_holdout,band_3_central,distance_to_cdip_model_point_km,9.660952,9.098685,-0.562267,-0.096124,8.450723,10.019855,1.569132,7.776771,7.492131,-0.284640,0.000000,0.000000,0.000000,0.096124
five_band_holdout,band_5_north,shallow_area_share_0_30m,0.306555,0.330458,0.023903,0.093063,0.176363,0.197207,0.020845,0.350846,0.441502,0.090656,0.000000,0.000000,0.000000,0.093063
five_band_holdout,band_1_south,summer_ssta_crw5km_percentile_within_cell,0.476215,0.502877,0.026662,0.091364,0.464286,0.500000,0.035714,0.500000,0.500000,0.000000,0.000000,0.000000,0.000000,0.091364
five_band_holdout,band_2_south_central,canopy_drop_from_historical_peak,0.578726,0.607461,0.028735,0.090889,0.646634,0.674671,0.028037,0.600085,0.422189,-0.177896,0.000000,0.000000,0.000000,0.090889
five_band_holdout,band_2_south_central,canopy_current_relative_to_cell_max,0.421274,0.392539,-0.028735,-0.090889,0.353366,0.325329,-0.028037,0.600085,0.422189,-0.177896,0.000000,0.000000,0.000000,0.090889
five_band_holdout,band_5_north,spring_ssta_crw5km_percentile_within_cell,0.515625,0.490377,-0.025248,-0.090504,0.500000,0.464286,-0.035714,0.464286,0.464286,0.000000,0.000000,0.000000,0.000000,0.090504
five_band_holdout,band_1_south,canopy_drop_from_historical_peak,0.590346,0.560983,-0.029362,-0.089788,0.673070,0.608382,-0.064688,0.567464,0.529068,-0.038397,0.000000,0.000000,0.000000,0.089788
five_band_holdout,band_1_south,canopy_current_relative_to_cell_max,0.409654,0.439017,0.029362,0.089788,0.326930,0.391618,0.064688,0.567464,0.529068,-0.038397,0.000000,0.000000,0.000000,0.089788
five_band_holdout,band_1_south,canopy_3yr_slope_relative_x_winter_wave_local_z,0.030068,-0.037902,-0.067969,-0.088551,-0.008041,-0.002791,0.005250,0.276365,0.443918,0.167553,0.305556,0.305556,0.000000,0.088551
five_band_holdout,band_5_north,spring_ssta_crw5km_local_z,0.006028,-0.075997,-0.082024,-0.087868,-0.093716,-0.115903,-0.022187,1.192884,1.370080,0.177196,0.000000,0.000000,0.000000,0.087868
five_band_holdout,band_4_north_central,annual_mean_ssta_crw5km_local_z,-0.046213,0.031266,0.077479,0.085746,-0.199143,-0.115323,0.083821,1.089027,1.261328,0.172301,0.000000,0.000000,0.000000,0.085746
five_band_holdout,band_3_central,summer_ssta_crw5km,-0.228101,-0.296275,-0.068173,-0.085377,-0.389130,-0.478261,-0.089130,0.884185,0.775924,-0.108261,0.000000,0.000000,0.000000,0.085377
five_band_holdout,band_5_north,lag1_winter_max_wave_height_local_z,0.104037,0.192820,0.088783,0.081547,0.041782,0.100187,0.058405,1.568391,1.746717,0.178326,0.333333,0.333333,0.000000,0.081547
five_band_holdout,band_1_south,summer_ssta_crw5km_local_z,-0.134944,-0.057765,0.077180,0.080559,-0.299966,-0.227403,0.072563,0.969220,1.060048,0.090829,0.000000,0.000000,0.000000,0.080559
five_band_holdout,band_4_north_central,warmest_month_mean_sst_crw5km_percentile_within_cell,0.502654,0.525595,0.022941,0.080373,0.500000,0.535714,0.035714,0.500000,0.500000,0.000000,0.000000,0.000000,0.000000,0.080373
five_band_holdout,band_5_north,spring_ssta_local_z_x_shallow_area_share_0_30m,0.006875,-0.023712,-0.030587,-0.079190,-0.009123,-0.022780,-0.013656,0.195895,0.307203,0.111309,0.000000,0.000000,0.000000,0.079190
five_band_holdout,band_5_north,annual_max_wave_height_percentile_within_wave_source,0.535471,0.558588,0.023118,0.078486,0.588235,0.647059,0.058824,0.588235,0.470588,-0.117647,0.305556,0.305556,0.000000,0.078486
five_band_holdout,band_1_south,canopy_drop_from_recent_peak_5yr,0.455412,0.427846,-0.027566,-0.078116,0.469433,0.440827,-0.028606,0.733544,0.763603,0.030058,0.000000,0.000000,0.000000,0.078116
five_band_holdout,band_2_south_central,annual_mean_ssta_crw5km_local_z,-0.016588,-0.087231,-0.070642,-0.077916,-0.174041,-0.270026,-0.095985,1.168171,0.954305,-0.213866,0.000000,0.000000,0.000000,0.077916
five_band_holdout,band_3_central,canopy_3yr_slope_t,-0.002442,-0.007408,-0.004966,-0.073186,-0.000124,-0.010347,-0.010223,0.050641,0.081417,0.030776,0.000000,0.000000,0.000000,0.073186
five_band_holdout,band_1_south,canopy_5yr_slope_relative_to_cell_median,-0.032387,0.000391,0.032778,0.073183,-0.010965,-0.022546,-0.011581,0.268563,0.381172,0.112609,0.000000,0.000000,0.000000,0.073183
five_band_holdout,band_3_central,lag1_winter_max_wave_height_local_z,0.105807,0.185739,0.079932,0.073026,0.073135,0.073135,0.000000,1.587309,1.764932,0.177623,0.333333,0.333333,0.000000,0.073026
five_band_holdout,band_1_south,canopy_5yr_slope_t,-0.002844,-0.000700,0.002144,0.070223,-0.000644,-0.001751,-0.001107,0.030707,0.035118,0.004411,0.000000,0.000000,0.000000,0.070223
five_band_holdout,band_2_south_central,canopy_current_percentile_within_cell,0.492624,0.513561,0.020937,0.069477,0.454545,0.491379,0.036834,0.561257,0.472222,-0.089034,0.000000,0.000000,0.000000,0.069477
five_band_holdout,band_4_north_central,canopy_current_relative_to_cell_max,0.419751,0.398628,-0.021123,-0.062566,0.354869,0.309259,-0.045609,0.543663,0.592395,0.048731,0.000000,0.000000,0.000000,0.062566
five_band_holdout,band_4_north_central,canopy_drop_from_historical_peak,0.580249,0.601372,0.021123,0.062566,0.645131,0.690741,0.045609,0.543663,0.592395,0.048731,0.000000,0.000000,0.000000,0.062566
five_band_holdout,band_5_north,summer_ssta_crw5km,-0.251254,-0.203665,0.047589,0.060994,-0.443478,-0.331685,0.111793,0.856902,0.872826,0.015924,0.000000,0.000000,0.000000,0.060994
five_band_holdout,band_1_south,canopy_drop_from_recent_peak_5yr_x_spring_ssta_local_z,0.057627,0.027557,-0.030069,-0.060927,0.000000,0.000000,0.000000,0.396981,0.291731,-0.105250,0.000000,0.000000,0.000000,0.060927
five_band_holdout,band_3_central,summer_ssta_crw5km_percentile_within_cell,0.485020,0.467659,-0.017361,-0.058509,0.482143,0.464286,-0.017857,0.535714,0.500000,-0.035714,0.000000,0.000000,0.000000,0.058509
five_band_holdout,band_5_north,spring_ssta_crw5km,-0.436919,-0.480561,-0.043642,-0.057929,-0.508516,-0.475220,0.033297,0.920467,1.148736,0.228269,0.000000,0.000000,0.000000,0.057929
five_band_holdout,band_4_north_central,canopy_3yr_slope_t,-0.004050,-0.000975,0.003075,0.053918,-0.001872,0.000210,0.002082,0.064078,0.038785,-0.025293,0.000000,0.000000,0.000000,0.053918
five_band_holdout,band_2_south_central,spring_ssta_local_z_x_shallow_area_share_0_30m,0.004784,-0.015349,-0.020134,-0.053443,-0.007947,-0.016672,-0.008725,0.239636,0.184570,-0.055066,0.000000,0.000000,0.000000,0.053443
five_band_holdout,band_2_south_central,spring_ssta_crw5km_percentile_within_cell,0.513517,0.498810,-0.014707,-0.052631,0.500000,0.464286,-0.035714,0.464286,0.437500,-0.026786,0.000000,0.000000,0.000000,0.052631
five_band_holdout,band_5_north,annual_mean_ssta_crw5km_local_z,-0.021507,-0.067557,-0.046050,-0.050864,-0.198815,-0.138963,0.059852,1.130671,1.211196,0.080525,0.000000,0.000000,0.000000,0.050864
five_band_holdout,band_2_south_central,spring_ssta_crw5km_local_z,-0.001032,-0.047755,-0.046722,-0.050161,-0.079443,-0.175760,-0.096318,1.273097,1.131277,-0.141820,0.000000,0.000000,0.000000,0.050161
five_band_holdout,band_2_south_central,canopy_drop_from_recent_peak_5yr,0.453361,0.436048,-0.017314,-0.049944,0.458850,0.470339,0.011489,0.752112,0.646669,-0.105442,0.000000,0.000000,0.000000,0.049944
five_band_holdout,band_2_south_central,canopy_3yr_slope_relative_x_winter_wave_local_z,0.024280,-0.014751,-0.039031,-0.049795,-0.006790,-0.021580,-0.014790,0.276788,0.469531,0.192743,0.305556,0.305556,0.000000,0.049795
five_band_holdout,band_1_south,spring_ssta_crw5km_percentile_within_cell,0.507837,0.521528,0.013690,0.049326,0.500000,0.500000,0.000000,0.464286,0.428571,-0.035714,0.000000,0.000000,0.000000,0.049326
five_band_holdout,band_2_south_central,canopy_5yr_slope_relative_to_cell_median,-0.029474,-0.011261,0.018213,0.048310,-0.011410,-0.023051,-0.011642,0.292397,0.273777,-0.018620,0.000000,0.000000,0.000000,0.048310
five_band_holdout,band_1_south,lag1_winter_max_wave_height_local_z,0.131566,0.082700,-0.048867,-0.047128,0.034161,0.099491,0.065330,1.683070,1.387966,-0.295104,0.333333,0.333333,0.000000,0.047128
five_band_holdout,band_4_north_central,canopy_drop_from_recent_peak_5yr,0.446484,0.463559,0.017075,0.047076,0.459054,0.485130,0.026076,0.706738,0.843651,0.136913,0.000000,0.000000,0.000000,0.047076
five_band_holdout,band_1_south,annual_mean_ssta_crw5km_local_z,-0.039064,0.002672,0.041736,0.046172,-0.169276,-0.248108,-0.078832,1.128325,1.047994,-0.080330,0.000000,0.000000,0.000000,0.046172
five_band_holdout,band_3_central,summer_ssta_crw5km_local_z,-0.110588,-0.155190,-0.044602,-0.046170,-0.278975,-0.310263,-0.031288,1.006043,0.918828,-0.087215,0.000000,0.000000,0.000000,0.046170
five_band_holdout,band_3_central,winter_mean_wave_height_local_z,-0.014704,0.029091,0.043796,0.044822,0.171566,0.269508,0.097942,1.380926,1.336376,-0.044550,0.305556,0.305556,0.000000,0.044822
five_band_holdout,band_2_south_central,winter_mean_wave_height_local_z,0.002839,-0.041083,-0.043922,-0.044724,0.201402,0.183005,-0.018397,1.372604,1.383219,0.010614,0.305556,0.305556,0.000000,0.044724
five_band_holdout,band_1_south,spring_ssta_crw5km,-0.439759,-0.469202,-0.029443,-0.042166,-0.488901,-0.558132,-0.069231,0.988049,0.876951,-0.111099,0.000000,0.000000,0.000000,0.042166
five_band_holdout,band_1_south,summer_ssta_crw5km,-0.234687,-0.269934,-0.035248,-0.042044,-0.394837,-0.448804,-0.053967,0.847337,0.927989,0.080652,0.000000,0.000000,0.000000,0.042044
five_band_holdout,band_1_south,annual_max_wave_height_percentile_within_wave_source,0.537706,0.549647,0.011941,0.039537,0.588235,0.588235,0.000000,0.529412,0.529412,0.000000,0.305556,0.305556,0.000000,0.039537
five_band_holdout,band_1_south,summer_ssta_local_z_x_shallow_area_share_0_30m,-0.034988,-0.019869,0.015118,0.036776,-0.032494,-0.046780,-0.014286,0.168991,0.302817,0.133825,0.000000,0.000000,0.000000,0.036776
five_band_holdout,band_4_north_central,winter_wave_local_z_x_shallow_area_share_0_30m,0.027731,0.044582,0.016851,0.036652,0.005845,-0.000369,-0.006214,0.277147,0.263618,-0.013529,0.305556,0.305556,0.000000,0.036652
five_band_holdout,band_1_south,canopy_3yr_slope_t,-0.003886,-0.001632,0.002254,0.035322,-0.000550,-0.001765,-0.001215,0.056001,0.065462,0.009461,0.000000,0.000000,0.000000,0.035322
five_band_holdout,band_5_north,canopy_3yr_slope_t,-0.003825,-0.001875,0.001951,0.035280,-0.001080,-0.000438,0.000642,0.068705,0.024858,-0.043847,0.000000,0.000000,0.000000,0.035280
five_band_holdout,band_1_south,instability_score_5yr_t,0.080915,0.082786,0.001871,0.034557,0.070349,0.078872,0.008523,0.079028,0.067648,-0.011380,0.000000,0.000000,0.000000,0.034557
five_band_holdout,band_4_north_central,canopy_5yr_slope_relative_to_cell_median,-0.028675,-0.014458,0.014217,0.034268,-0.022546,0.016107,0.038653,0.274306,0.327619,0.053314,0.000000,0.000000,0.000000,0.034268
five_band_holdout,band_1_south,winter_wave_local_z_x_shallow_area_share_0_30m,0.028091,0.043143,0.015052,0.034039,-0.001000,0.033911,0.034912,0.245003,0.403759,0.158756,0.305556,0.305556,0.000000,0.034039
five_band_holdout,band_5_north,canopy_5yr_slope_t,-0.002588,-0.001721,0.000868,0.033060,-0.001235,-0.000464,0.000771,0.035550,0.016128,-0.019422,0.000000,0.000000,0.000000,0.033060
five_band_holdout,band_1_south,canopy_3yr_slope_relative_to_cell_median,-0.026845,-0.000493,0.026353,0.032199,-0.014576,-0.018042,-0.003465,0.511089,0.697184,0.186096,0.000000,0.000000,0.000000,0.032199
five_band_holdout,band_1_south,winter_max_wave_height_local_z,0.089261,0.121910,0.032649,0.031627,-0.014888,0.155019,0.169907,1.648749,1.519948,-0.128801,0.305556,0.305556,0.000000,0.031627
five_band_holdout,band_3_central,winter_wave_local_z_x_shallow_area_share_0_30m,0.033628,0.020995,-0.012633,-0.031483,0.004502,0.005087,0.000585,0.311186,0.172818,-0.138368,0.305556,0.305556,0.000000,0.031483
five_band_holdout,band_2_south_central,canopy_3yr_slope_t,-0.002972,-0.005286,-0.002314,-0.030680,-0.000571,-0.003168,-0.002597,0.049209,0.102044,0.052835,0.000000,0.000000,0.000000,0.030680
five_band_holdout,band_5_north,warmest_month_mean_sst_crw5km_percentile_within_cell,0.508953,0.500397,-0.008557,-0.030299,0.500000,0.500000,0.000000,0.500000,0.473214,-0.026786,0.000000,0.000000,0.000000,0.030299
five_band_holdout,band_3_central,summer_ssta_local_z_x_shallow_area_share_0_30m,-0.029675,-0.041118,-0.011443,-0.029631,-0.038854,-0.029126,0.009728,0.219845,0.107126,-0.112718,0.000000,0.000000,0.000000,0.029631
five_band_holdout,band_5_north,winter_max_wave_height_local_z,0.101696,0.072167,-0.029529,-0.029119,0.065682,-0.033086,-0.098767,1.597725,1.613894,0.016169,0.305556,0.305556,0.000000,0.029119
five_band_holdout,band_4_north_central,winter_max_wave_height_local_z,0.089697,0.120165,0.030467,0.029047,0.061202,-0.005089,-0.066291,1.551217,1.715334,0.164117,0.305556,0.305556,0.000000,0.029047
five_band_holdout,band_5_north,winter_mean_wave_height_local_z,-0.011269,0.015350,0.026619,0.027591,0.203488,0.145324,-0.058163,1.367623,1.427569,0.059945,0.305556,0.305556,0.000000,0.027591
five_band_holdout,band_2_south_central,winter_max_wave_height_local_z,0.101422,0.073267,-0.028155,-0.027455,0.063442,-0.023738,-0.087179,1.570968,1.718621,0.147653,0.305556,0.305556,0.000000,0.027455
five_band_holdout,band_1_south,spring_ssta_crw5km_local_z,-0.015298,0.009309,0.024608,0.026507,-0.096402,-0.111537,-0.015136,1.245227,1.229174,-0.016053,0.000000,0.000000,0.000000,0.026507
five_band_holdout,band_1_south,winter_mean_wave_height_local_z,-0.000893,-0.026153,-0.025260,-0.025887,0.185347,0.204631,0.019284,1.385649,1.180392,-0.205257,0.305556,0.305556,0.000000,0.025887
five_band_holdout,band_2_south_central,winter_wave_local_z_x_shallow_area_share_0_30m,0.033206,0.022681,-0.010526,-0.025528,0.007441,-0.002370,-0.009811,0.282834,0.255752,-0.027082,0.305556,0.305556,0.000000,0.025528
five_band_holdout,band_5_north,canopy_drop_from_recent_peak_5yr_x_spring_ssta_local_z,0.054298,0.040871,-0.013427,-0.025134,0.000000,0.000000,0.000000,0.321827,0.619729,0.297901,0.000000,0.000000,0.000000,0.025134
five_band_holdout,band_5_north,winter_wave_local_z_x_shallow_area_share_0_30m,0.032850,0.024104,-0.008746,-0.020966,0.006544,-0.005285,-0.011829,0.261902,0.321691,0.059789,0.305556,0.305556,0.000000,0.020966
five_band_holdout,band_3_central,warmest_month_mean_sst_crw5km_percentile_within_cell,0.508333,0.502877,-0.005456,-0.019346,0.500000,0.500000,0.000000,0.500000,0.446429,-0.053571,0.000000,0.000000,0.000000,0.019346
five_band_holdout,band_5_north,summer_ssta_local_z_x_shallow_area_share_0_30m,-0.030501,-0.037814,-0.007313,-0.018575,-0.030663,-0.056641,-0.025978,0.179595,0.245062,0.065468,0.000000,0.000000,0.000000,0.018575
five_band_holdout,band_4_north_central,lag1_winter_max_wave_height_local_z,0.125697,0.106179,-0.019517,-0.018225,0.084763,0.005352,-0.079412,1.608131,1.616592,0.008461,0.333333,0.333333,0.000000,0.018225
five_band_holdout,band_1_south,spring_ssta_local_z_x_shallow_area_share_0_30m,-0.000682,0.006515,0.007197,0.017920,-0.008999,-0.020124,-0.011124,0.199515,0.357092,0.157577,0.000000,0.000000,0.000000,0.017920
five_band_holdout,band_3_central,spring_ssta_local_z_x_shallow_area_share_0_30m,0.002076,-0.004516,-0.006592,-0.017613,-0.012026,-0.005194,0.006832,0.256243,0.123099,-0.133144,0.000000,0.000000,0.000000,0.017613
five_band_holdout,band_5_north,canopy_3yr_slope_relative_to_cell_median,-0.018006,-0.035852,-0.017846,-0.016728,-0.014576,-0.021999,-0.007423,0.524163,0.757323,0.233159,0.000000,0.000000,0.000000,0.016728
five_band_holdout,band_3_central,spring_ssta_crw5km,-0.443253,-0.455224,-0.011971,-0.016154,-0.508516,-0.482857,0.025659,0.976291,0.927637,-0.048654,0.000000,0.000000,0.000000,0.016154
five_band_holdout,band_2_south_central,canopy_5yr_slope_t,-0.002327,-0.002765,-0.000438,-0.012613,-0.000657,-0.002477,-0.001820,0.028767,0.044595,0.015828,0.000000,0.000000,0.000000,0.012613
five_band_holdout,band_3_central,spring_ssta_crw5km_local_z,-0.012652,-0.001276,0.011376,0.012033,-0.097884,-0.094682,0.003202,1.262645,1.038275,-0.224370,0.000000,0.000000,0.000000,0.012033
five_band_holdout,band_4_north_central,canopy_current_relative_to_cell_median,1.103103,1.089185,-0.013918,-0.011185,0.891774,0.896115,0.004340,0.858120,1.157532,0.299411,0.000000,0.000000,0.000000,0.011185
five_band_holdout,band_4_north_central,canopy_3yr_slope_relative_x_winter_wave_local_z,0.018436,0.008626,-0.009810,-0.010566,-0.007570,-0.009458,-0.001888,0.306366,0.262086,-0.044280,0.305556,0.305556,0.000000,0.010566
five_band_holdout,band_2_south_central,canopy_3yr_slope_relative_to_cell_median,-0.020079,-0.027558,-0.007478,-0.010434,-0.015378,-0.017826,-0.002447,0.530788,0.653367,0.122579,0.000000,0.000000,0.000000,0.010434
five_band_holdout,band_3_central,canopy_3yr_slope_relative_to_cell_median,-0.020252,-0.026868,-0.006617,-0.009963,-0.005332,-0.036085,-0.030753,0.671524,0.277394,-0.394130,0.000000,0.000000,0.000000,0.009963
five_band_holdout,band_3_central,spring_ssta_crw5km_percentile_within_cell,0.511136,0.508333,-0.002803,-0.009885,0.500000,0.482143,-0.017857,0.464286,0.500000,0.035714,0.000000,0.000000,0.000000,0.009885
five_band_holdout,band_4_north_central,canopy_3yr_slope_relative_to_cell_median,-0.022693,-0.017104,0.005589,0.007194,-0.025625,0.008214,0.033839,0.532726,0.636839,0.104113,0.000000,0.000000,0.000000,0.007194
five_band_holdout,band_3_central,winter_max_wave_height_local_z,0.096877,0.091445,-0.005432,-0.005308,0.043932,0.125786,0.081854,1.591346,1.468325,-0.123021,0.305556,0.305556,0.000000,0.005308
five_band_holdout,band_3_central,canopy_3yr_slope_relative_x_winter_wave_local_z,0.015795,0.019189,0.003394,0.004795,-0.007780,-0.008181,-0.000401,0.359326,0.194417,-0.164909,0.305556,0.305556,0.000000,0.004795
five_band_holdout,band_3_central,canopy_5yr_slope_relative_to_cell_median,-0.026145,-0.024578,0.001567,0.004385,-0.008785,-0.019769,-0.010984,0.347483,0.141911,-0.205572,0.000000,0.000000,0.000000,0.004385
five_band_holdout,band_3_central,canopy_drop_from_recent_peak_5yr_x_spring_ssta_local_z,0.051208,0.053232,0.002024,0.004343,0.000000,0.000000,0.000000,0.418621,0.268778,-0.149843,0.000000,0.000000,0.000000,0.004343
five_band_holdout,band_5_north,summer_ssta_crw5km_percentile_within_cell,0.481349,0.482341,0.000992,0.003422,0.464286,0.464286,0.000000,0.535714,0.464286,-0.071429,0.000000,0.000000,0.000000,0.003422
five_band_holdout,band_4_north_central,annual_max_wave_height_percentile_within_wave_source,0.540294,0.539294,-0.001000,-0.003306,0.588235,0.588235,0.000000,0.529412,0.588235,0.058824,0.305556,0.305556,0.000000,0.003306
five_band_holdout,band_3_central,annual_mean_ssta_crw5km_local_z,-0.030212,-0.032735,-0.002523,-0.002794,-0.191451,-0.181406,0.010045,1.188388,0.993737,-0.194650,0.000000,0.000000,0.000000,0.002794
five_band_holdout,band_4_north_central,winter_mean_wave_height_local_z,-0.005699,-0.006931,-0.001233,-0.001259,0.190282,0.180129,-0.010153,1.372234,1.360248,-0.011987,0.305556,0.305556,0.000000,0.001259
five_band_holdout,band_5_north,summer_ssta_crw5km_local_z,-0.119610,-0.119102,0.000509,0.000535,-0.283275,-0.294104,-0.010829,0.974471,1.098205,0.123734,0.000000,0.000000,0.000000,0.000535
five_band_holdout,band_3_central,annual_max_wave_height_percentile_within_wave_source,0.540118,0.540000,-0.000118,-0.000393,0.588235,0.588235,0.000000,0.588235,0.529412,-0.058824,0.305556,0.305556,0.000000,0.000393
three_band_holdout,band_3_north,annual_mean_sst_crw5km,13.387982,11.782492,-1.605489,-2.122470,13.213123,11.635828,-1.577296,0.963409,1.019764,0.056356,0.000000,0.000000,0.000000,2.122470
three_band_holdout,band_1_south,winter_max_wave_height_cdip_model,6.025214,3.720343,-2.304870,-1.549852,6.016409,3.640130,-2.376279,2.732427,1.412885,-1.319542,0.305556,0.305556,0.000000,1.549852
three_band_holdout,band_1_south,annual_mean_sst_crw5km,12.403388,13.693761,1.290373,1.480062,12.516192,13.441588,0.925396,1.397387,1.082071,-0.315316,0.000000,0.000000,0.000000,1.480062
three_band_holdout,band_2_central,slope_mean,0.022489,0.061022,0.038533,1.461681,0.019834,0.063742,0.043908,0.010840,0.041870,0.031030,0.000000,0.000000,0.000000,1.461681
three_band_holdout,band_3_north,relative_canopy,0.177594,0.047957,-0.129636,-1.223003,0.144603,0.022023,-0.122580,0.196393,0.069349,-0.127044,0.000000,0.000000,0.000000,1.223003
three_band_holdout,band_3_north,presence_frequency_5yr_t,0.958081,0.665686,-0.292395,-1.163399,1.000000,0.800000,-0.200000,0.000000,0.600000,0.600000,0.000000,0.000000,0.000000,1.163399
three_band_holdout,band_3_north,instability_score_5yr_t,0.099552,0.045837,-0.053714,-1.117034,0.091939,0.042963,-0.048976,0.080820,0.055400,-0.025421,0.000000,0.000000,0.000000,1.117034
three_band_holdout,band_2_central,relative_canopy,0.093440,0.218680,0.125240,0.991990,0.058418,0.200738,0.142320,0.128989,0.218446,0.089457,0.000000,0.000000,0.000000,0.991990
three_band_holdout,band_2_central,presence_frequency_5yr_t,0.795425,0.993056,0.197631,0.950672,1.000000,1.000000,0.000000,0.400000,0.000000,-0.400000,0.000000,0.000000,0.000000,0.950672
three_band_holdout,band_3_north,slope_mean,0.042279,0.020339,-0.021939,-0.930290,0.026526,0.018690,-0.007835,0.047441,0.011330,-0.036111,0.000000,0.000000,0.000000,0.930290
three_band_holdout,band_2_central,mean_depth_m,56.572286,119.780562,63.208276,0.756064,52.855776,72.115215,19.259439,41.197255,109.574506,68.377251,0.000000,0.000000,0.000000,0.756064
three_band_holdout,band_2_central,winter_max_wave_height_cdip_model,4.814247,6.149593,1.335346,0.736263,4.357168,5.952047,1.594879,2.768835,2.628692,-0.140143,0.305556,0.305556,0.000000,0.736263
three_band_holdout,band_3_north,mean_depth_m,90.949046,49.331070,-41.617975,-0.643472,60.040541,53.320574,-6.719966,77.418336,33.793727,-43.624608,0.000000,0.000000,0.000000,0.643472
three_band_holdout,band_1_south,slope_mean,0.040064,0.024638,-0.015426,-0.621997,0.026966,0.021705,-0.005261,0.045004,0.008369,-0.036635,0.000000,0.000000,0.000000,0.621997
three_band_holdout,band_3_north,winter_max_wave_height_cdip_model,4.898162,5.908151,1.009989,0.555213,4.336788,6.016409,1.679621,2.691755,2.571281,-0.120474,0.305556,0.305556,0.000000,0.555213
three_band_holdout,band_2_central,instability_score_5yr_t,0.071631,0.101812,0.030181,0.524231,0.064060,0.093420,0.029360,0.070327,0.081179,0.010852,0.000000,0.000000,0.000000,0.524231
three_band_holdout,band_3_north,canopy_drop_from_recent_peak_5yr,0.395761,0.554989,0.159228,0.448277,0.389661,0.673857,0.284195,0.650884,0.816255,0.165371,0.000000,0.000000,0.000000,0.448277
three_band_holdout,band_1_south,instability_score_5yr_t,0.072977,0.097424,0.024448,0.430824,0.063572,0.091637,0.028065,0.069788,0.080043,0.010255,0.000000,0.000000,0.000000,0.430824
three_band_holdout,band_1_south,presence_frequency_5yr_t,0.824411,0.925163,0.100753,0.430516,1.000000,1.000000,0.000000,0.200000,0.200000,0.000000,0.000000,0.000000,0.000000,0.430516
three_band_holdout,band_2_central,canopy_drop_from_recent_peak_5yr,0.492755,0.358829,-0.133926,-0.398047,0.546434,0.338587,-0.207847,0.814269,0.574596,-0.239673,0.000000,0.000000,0.000000,0.398047
three_band_holdout,band_2_central,canopy_current_relative_to_cell_max,0.375839,0.499863,0.124024,0.390167,0.279643,0.497011,0.217368,0.535423,0.503844,-0.031579,0.000000,0.000000,0.000000,0.390167
three_band_holdout,band_2_central,canopy_drop_from_historical_peak,0.624161,0.500137,-0.124024,-0.390167,0.720357,0.502989,-0.217368,0.535423,0.503844,-0.031579,0.000000,0.000000,0.000000,0.390167
three_band_holdout,band_3_north,canopy_drop_from_historical_peak,0.541915,0.667087,0.125172,0.375704,0.588590,0.829156,0.240566,0.503410,0.559644,0.056234,0.000000,0.000000,0.000000,0.375704
three_band_holdout,band_3_north,canopy_current_relative_to_cell_max,0.458085,0.332913,-0.125172,-0.375704,0.411410,0.170844,-0.240566,0.503410,0.559644,0.056234,0.000000,0.000000,0.000000,0.375704
three_band_holdout,band_2_central,shallow_area_share_0_30m,0.341421,0.247404,-0.094017,-0.353314,0.253091,0.146791,-0.106300,0.467933,0.314327,-0.153606,0.000000,0.000000,0.000000,0.353314
three_band_holdout,band_2_central,annual_mean_sst_crw5km,12.738127,13.063091,0.324964,0.336144,12.834583,12.964219,0.129636,1.864533,0.655771,-1.208762,0.000000,0.000000,0.000000,0.336144
three_band_holdout,band_2_central,canopy_current_relative_to_cell_median,1.211968,0.863066,-0.348902,-0.309182,0.933658,0.845219,-0.088439,1.234455,0.627111,-0.607344,0.000000,0.000000,0.000000,0.309182
three_band_holdout,band_1_south,canopy_current_percentile_within_cell,0.465509,0.557575,0.092066,0.305567,0.400000,0.535714,0.135714,0.576087,0.483797,-0.092290,0.000000,0.000000,0.000000,0.305567
three_band_holdout,band_1_south,mean_depth_m,83.488399,63.813501,-19.674898,-0.285316,60.436893,47.797297,-12.639596,40.692147,44.433863,3.741716,0.000000,0.000000,0.000000,0.285316
three_band_holdout,band_3_north,distance_to_cdip_model_point_km,8.992589,10.627616,1.635027,0.261317,9.367760,10.586926,1.219166,8.415782,6.888786,-1.526996,0.000000,0.000000,0.000000,0.261317
three_band_holdout,band_2_central,canopy_current_percentile_within_cell,0.516084,0.455858,-0.060226,-0.195672,0.500000,0.400000,-0.100000,0.545588,0.557909,0.012321,0.000000,0.000000,0.000000,0.195672
three_band_holdout,band_1_south,summer_ssta_crw5km,-0.188777,-0.344539,-0.155762,-0.190514,-0.349511,-0.510489,-0.160978,0.853913,0.818451,-0.035462,0.000000,0.000000,0.000000,0.190514
three_band_holdout,band_1_south,shallow_area_share_0_30m,0.294310,0.344386,0.050076,0.189543,0.150396,0.270968,0.120572,0.367673,0.395279,0.027606,0.000000,0.000000,0.000000,0.189543
three_band_holdout,band_3_north,summer_ssta_crw5km,-0.287578,-0.152750,0.134828,0.169908,-0.471250,-0.280217,0.191033,0.863478,0.826033,-0.037446,0.000000,0.000000,0.000000,0.169908
three_band_holdout,band_1_south,spring_ssta_crw5km,-0.404307,-0.525896,-0.121588,-0.169205,-0.432747,-0.628571,-0.195824,1.035330,0.862253,-0.173077,0.000000,0.000000,0.000000,0.169205
three_band_holdout,band_2_central,distance_to_cdip_model_point_km,9.854198,8.898887,-0.955311,-0.155532,9.853027,9.120631,-0.732396,8.162153,6.133501,-2.028652,0.000000,0.000000,0.000000,0.155532
three_band_holdout,band_3_north,shallow_area_share_0_30m,0.297364,0.338457,0.041092,0.149116,0.183168,0.150396,-0.032773,0.305449,0.482474,0.177025,0.000000,0.000000,0.000000,0.149116
three_band_holdout,band_1_south,canopy_current_relative_to_cell_median,1.039242,1.218881,0.179638,0.142352,0.801103,1.000000,0.198897,0.865324,1.057420,0.192096,0.000000,0.000000,0.000000,0.142352
three_band_holdout,band_3_north,canopy_current_relative_to_cell_median,1.046365,1.205055,0.158691,0.112280,0.947461,0.667537,-0.279924,0.745051,1.247995,0.502944,0.000000,0.000000,0.000000,0.112280
three_band_holdout,band_1_south,canopy_drop_from_recent_peak_5yr_x_spring_ssta_local_z,0.070394,0.015155,-0.055239,-0.112078,0.000000,0.000000,0.000000,0.414471,0.290603,-0.123868,0.000000,0.000000,0.000000,0.112078
three_band_holdout,band_1_south,distance_to_cdip_model_point_km,9.789444,9.080780,-0.708665,-0.109584,9.367760,9.435349,0.067589,7.697390,9.582399,1.885009,0.000000,0.000000,0.000000,0.109584
three_band_holdout,band_3_north,canopy_current_percentile_within_cell,0.508258,0.474593,-0.033665,-0.107324,0.500000,0.400000,-0.100000,0.511905,0.590278,0.078373,0.000000,0.000000,0.000000,0.107324
three_band_holdout,band_2_central,canopy_5yr_slope_t,-0.001382,-0.004610,-0.003229,-0.102712,-0.000500,-0.003565,-0.003065,0.027837,0.041501,0.013664,0.000000,0.000000,0.000000,0.102712
three_band_holdout,band_3_north,canopy_3yr_slope_relative_x_winter_wave_local_z,-0.014681,0.076952,0.091634,0.092301,-0.010873,-0.005879,0.004994,0.313481,0.283956,-0.029525,0.305556,0.305556,0.000000,0.092301
three_band_holdout,band_3_north,canopy_5yr_slope_relative_to_cell_median,-0.010363,-0.055858,-0.045495,-0.091314,-0.016821,-0.002804,0.014017,0.248902,0.441583,0.192682,0.000000,0.000000,0.000000,0.091314
three_band_holdout,band_1_south,canopy_3yr_slope_relative_x_winter_wave_local_z,0.041472,-0.032052,-0.073524,-0.090680,-0.006921,-0.010901,-0.003980,0.244656,0.497228,0.252571,0.305556,0.305556,0.000000,0.090680
three_band_holdout,band_2_central,spring_ssta_crw5km,-0.466327,-0.401703,0.064624,0.087137,-0.547033,-0.449121,0.097912,0.981374,0.918297,-0.063077,0.000000,0.000000,0.000000,0.087137
three_band_holdout,band_1_south,canopy_drop_from_recent_peak_5yr,0.459881,0.430521,-0.029360,-0.083500,0.469433,0.455115,-0.014318,0.740965,0.750461,0.009496,0.000000,0.000000,0.000000,0.083500
three_band_holdout,band_1_south,canopy_5yr_slope_relative_to_cell_median,-0.037600,-0.002986,0.034614,0.080619,-0.010442,-0.021392,-0.010950,0.256544,0.340352,0.083808,0.000000,0.000000,0.000000,0.080619
three_band_holdout,band_3_north,spring_ssta_crw5km,-0.465681,-0.406759,0.058922,0.078491,-0.545385,-0.378242,0.167143,0.863984,1.124286,0.260302,0.000000,0.000000,0.000000,0.078491
three_band_holdout,band_3_north,canopy_drop_from_recent_peak_5yr_x_spring_ssta_local_z,0.038547,0.076976,0.038429,0.074125,0.000000,0.000000,0.000000,0.284760,0.554974,0.270214,0.000000,0.000000,0.000000,0.074125
three_band_holdout,band_3_north,canopy_5yr_slope_t,-0.003027,-0.001227,0.001799,0.064933,-0.002477,-0.000067,0.002409,0.040157,0.018563,-0.021594,0.000000,0.000000,0.000000,0.064933
three_band_holdout,band_1_south,lag1_winter_max_wave_height_local_z,0.144686,0.077355,-0.067331,-0.064347,0.061268,0.088961,0.027693,1.726254,1.473663,-0.252592,0.333333,0.333333,0.000000,0.064347
three_band_holdout,band_1_south,relative_canopy,0.130732,0.138924,0.008192,0.063570,0.080910,0.106786,0.025876,0.188415,0.156722,-0.031693,0.000000,0.000000,0.000000,0.063570
three_band_holdout,band_2_central,canopy_3yr_slope_t,-0.002210,-0.006039,-0.003829,-0.056259,-0.000203,-0.005883,-0.005680,0.048212,0.079861,0.031649,0.000000,0.000000,0.000000,0.056259
three_band_holdout,band_3_north,summer_ssta_crw5km_percentile_within_cell,0.476070,0.492180,0.016110,0.055109,0.464286,0.482143,0.017857,0.508929,0.500000,-0.008929,0.000000,0.000000,0.000000,0.055109
three_band_holdout,band_3_north,canopy_3yr_slope_t,-0.004486,-0.001395,0.003091,0.052466,-0.003023,-0.000112,0.002910,0.076594,0.029305,-0.047289,0.000000,0.000000,0.000000,0.052466
three_band_holdout,band_3_north,annual_max_wave_height_percentile_within_wave_source,0.534831,0.550311,0.015481,0.051857,0.529412,0.588235,0.058824,0.588235,0.529412,-0.058824,0.305556,0.305556,0.000000,0.051857
three_band_holdout,band_3_north,summer_ssta_local_z_x_shallow_area_share_0_30m,-0.038928,-0.018446,0.020482,0.050358,-0.038425,-0.027363,0.011062,0.187251,0.201210,0.013960,0.000000,0.000000,0.000000,0.050358
three_band_holdout,band_3_north,lag1_winter_max_wave_height_local_z,0.103425,0.157449,0.054024,0.050200,0.064649,0.093748,0.029099,1.549504,1.751493,0.201989,0.333333,0.333333,0.000000,0.050200
three_band_holdout,band_2_central,annual_max_wave_height_percentile_within_wave_source,0.544913,0.529853,-0.015061,-0.049986,0.588235,0.588235,0.000000,0.529412,0.544118,0.014706,0.305556,0.305556,0.000000,0.049986
three_band_holdout,band_3_north,summer_ssta_crw5km_local_z,-0.134951,-0.089531,0.045420,0.047619,-0.307576,-0.213485,0.094091,0.980828,1.023393,0.042564,0.000000,0.000000,0.000000,0.047619
three_band_holdout,band_1_south,winter_mean_wave_height_local_z,0.009517,-0.035960,-0.045477,-0.046503,0.190282,0.183005,-0.007277,1.389006,1.378608,-0.010398,0.305556,0.305556,0.000000,0.046503
three_band_holdout,band_1_south,canopy_5yr_slope_t,-0.002867,-0.001536,0.001332,0.042583,-0.000582,-0.001758,-0.001176,0.028651,0.038772,0.010121,0.000000,0.000000,0.000000,0.042583
three_band_holdout,band_1_south,summer_ssta_local_z_x_shallow_area_share_0_30m,-0.026264,-0.043028,-0.016764,-0.041409,-0.026491,-0.054184,-0.027693,0.164908,0.256133,0.091225,0.000000,0.000000,0.000000,0.041409
three_band_holdout,band_2_central,spring_ssta_crw5km_local_z,-0.022127,0.014592,0.036718,0.038937,-0.110786,-0.092543,0.018243,1.264857,1.102349,-0.162508,0.000000,0.000000,0.000000,0.038937
three_band_holdout,band_2_central,winter_wave_local_z_x_shallow_area_share_0_30m,0.035899,0.020906,-0.014993,-0.036428,0.007470,0.001979,-0.005491,0.314262,0.200573,-0.113689,0.305556,0.305556,0.000000,0.036428
three_band_holdout,band_1_south,summer_ssta_crw5km_percentile_within_cell,0.485179,0.474498,-0.010681,-0.036115,0.464286,0.464286,0.000000,0.535714,0.500000,-0.035714,0.000000,0.000000,0.000000,0.036115
three_band_holdout,band_2_central,canopy_drop_from_recent_peak_5yr_x_spring_ssta_local_z,0.046065,0.063401,0.017335,0.035894,0.000000,0.000000,0.000000,0.442168,0.270486,-0.171683,0.000000,0.000000,0.000000,0.035894
three_band_holdout,band_2_central,winter_mean_wave_height_local_z,-0.017069,0.017693,0.034762,0.035604,0.171566,0.256457,0.084891,1.382175,1.475210,0.093035,0.305556,0.305556,0.000000,0.035604
three_band_holdout,band_1_south,summer_ssta_crw5km_local_z,-0.109221,-0.139479,-0.030258,-0.031215,-0.270140,-0.318133,-0.047993,0.977818,0.991739,0.013921,0.000000,0.000000,0.000000,0.031215
three_band_holdout,band_3_north,spring_ssta_crw5km_percentile_within_cell,0.513438,0.505019,-0.008419,-0.030042,0.500000,0.500000,0.000000,0.464286,0.464286,0.000000,0.000000,0.000000,0.000000,0.030042
three_band_holdout,band_2_central,canopy_5yr_slope_relative_to_cell_median,-0.029422,-0.018200,0.011222,0.028799,-0.011410,-0.014567,-0.003157,0.370548,0.169433,-0.201116,0.000000,0.000000,0.000000,0.028799
three_band_holdout,band_3_north,spring_ssta_crw5km_local_z,-0.001602,-0.027411,-0.025809,-0.027486,-0.105770,-0.056890,0.048880,1.172403,1.385328,0.212925,0.000000,0.000000,0.000000,0.027486
three_band_holdout,band_2_central,summer_ssta_crw5km,-0.248644,-0.227057,0.021588,0.026764,-0.402011,-0.448478,-0.046467,0.834565,0.880815,0.046250,0.000000,0.000000,0.000000,0.026764
three_band_holdout,band_1_south,winter_wave_local_z_x_shallow_area_share_0_30m,0.027517,0.038058,0.010542,0.024602,-0.000438,0.017044,0.017482,0.237253,0.350191,0.112938,0.305556,0.305556,0.000000,0.024602
three_band_holdout,band_1_south,winter_max_wave_height_local_z,0.087280,0.112311,0.025030,0.024329,-0.005089,0.097810,0.102898,1.659814,1.528353,-0.131461,0.305556,0.305556,0.000000,0.024329
three_band_holdout,band_2_central,canopy_3yr_slope_relative_x_winter_wave_local_z,0.022450,0.003775,-0.018676,-0.024222,-0.007518,-0.010174,-0.002657,0.385786,0.214498,-0.171288,0.305556,0.305556,0.000000,0.024222
three_band_holdout,band_2_central,spring_ssta_crw5km_percentile_within_cell,0.508433,0.515129,0.006696,0.023739,0.500000,0.500000,0.000000,0.464286,0.473214,0.008929,0.000000,0.000000,0.000000,0.023739
three_band_holdout,band_1_south,canopy_3yr_slope_relative_to_cell_median,-0.027269,-0.010522,0.016747,0.021064,-0.014190,-0.018042,-0.003852,0.468697,0.689739,0.221042,0.000000,0.000000,0.000000,0.021064
three_band_holdout,band_2_central,winter_max_wave_height_local_z,0.102013,0.082567,-0.019446,-0.018921,0.051911,0.022890,-0.029021,1.583146,1.490854,-0.092292,0.305556,0.305556,0.000000,0.018921
three_band_holdout,band_2_central,summer_ssta_crw5km_percentile_within_cell,0.483339,0.477741,-0.005599,-0.018915,0.464286,0.464286,0.000000,0.508929,0.535714,0.026786,0.000000,0.000000,0.000000,0.018915
three_band_holdout,band_2_central,annual_mean_ssta_crw5km_local_z,-0.035570,-0.020404,0.015166,0.016779,-0.189644,-0.185182,0.004462,1.195168,1.050467,-0.144701,0.000000,0.000000,0.000000,0.016779
three_band_holdout,band_2_central,summer_ssta_crw5km_local_z,-0.114505,-0.130141,-0.015636,-0.016225,-0.279223,-0.299309,-0.020086,0.999921,0.968010,-0.031911,0.000000,0.000000,0.000000,0.016225
three_band_holdout,band_1_south,canopy_current_relative_to_cell_max,0.413858,0.418765,0.004907,0.015056,0.334342,0.354116,0.019774,0.601765,0.468181,-0.133584,0.000000,0.000000,0.000000,0.015056
three_band_holdout,band_1_south,canopy_drop_from_historical_peak,0.586142,0.581235,-0.004907,-0.015056,0.665658,0.645884,-0.019774,0.601765,0.468181,-0.133584,0.000000,0.000000,0.000000,0.015056
three_band_holdout,band_1_south,spring_ssta_local_z_x_shallow_area_share_0_30m,0.002741,-0.003092,-0.005833,-0.014897,-0.005634,-0.022863,-0.017228,0.195005,0.286492,0.091487,0.000000,0.000000,0.000000,0.014897
three_band_holdout,band_3_north,canopy_3yr_slope_relative_to_cell_median,-0.017134,-0.030195,-0.013061,-0.014221,-0.022628,-0.005332,0.017296,0.493768,0.723542,0.229773,0.000000,0.000000,0.000000,0.014221
three_band_holdout,band_2_central,lag1_winter_max_wave_height_local_z,0.117402,0.131125,0.013723,0.012756,0.090835,0.034161,-0.056673,1.591019,1.683070,0.092051,0.333333,0.333333,0.000000,0.012756
three_band_holdout,band_3_north,winter_mean_wave_height_local_z,-0.009946,0.001822,0.011768,0.012102,0.204631,0.145324,-0.059307,1.344799,1.415707,0.070908,0.305556,0.305556,0.000000,0.012102
three_band_holdout,band_1_south,annual_mean_ssta_crw5km_local_z,-0.027268,-0.037412,-0.010143,-0.011201,-0.154637,-0.263841,-0.109205,1.144883,1.111469,-0.033413,0.000000,0.000000,0.000000,0.011201
three_band_holdout,band_1_south,spring_ssta_crw5km_local_z,-0.007046,-0.016843,-0.009796,-0.010507,-0.079120,-0.153530,-0.074410,1.272332,1.221400,-0.050931,0.000000,0.000000,0.000000,0.010507
three_band_holdout,band_2_central,summer_ssta_local_z_x_shallow_area_share_0_30m,-0.030737,-0.034571,-0.003833,-0.009794,-0.041116,-0.025903,0.015212,0.222844,0.138099,-0.084745,0.000000,0.000000,0.000000,0.009794
three_band_holdout,band_1_south,canopy_3yr_slope_t,-0.003647,-0.003024,0.000622,0.009419,-0.000513,-0.001908,-0.001395,0.050268,0.072145,0.021877,0.000000,0.000000,0.000000,0.009419
three_band_holdout,band_3_north,winter_wave_local_z_x_shallow_area_share_0_30m,0.029742,0.033739,0.003997,0.009119,0.007510,-0.002426,-0.009937,0.271951,0.281974,0.010023,0.305556,0.305556,0.000000,0.009119
three_band_holdout,band_2_central,spring_ssta_local_z_x_shallow_area_share_0_30m,-0.000224,0.002843,0.003067,0.008048,-0.015024,-0.005531,0.009493,0.268534,0.153102,-0.115433,0.000000,0.000000,0.000000,0.008048
three_band_holdout,band_3_north,spring_ssta_local_z_x_shallow_area_share_0_30m,-0.000214,0.002644,0.002859,0.007078,-0.011414,-0.005831,0.005583,0.207189,0.253460,0.046270,0.000000,0.000000,0.000000,0.007078
three_band_holdout,band_1_south,spring_ssta_crw5km_percentile_within_cell,0.509921,0.511846,0.001926,0.006902,0.500000,0.464286,-0.035714,0.464286,0.464286,0.000000,0.000000,0.000000,0.000000,0.006902
three_band_holdout,band_3_north,winter_max_wave_height_local_z,0.097889,0.091716,-0.006173,-0.005999,0.065682,-0.010859,-0.076541,1.551349,1.675065,0.123716,0.305556,0.305556,0.000000,0.005999
three_band_holdout,band_2_central,canopy_3yr_slope_relative_to_cell_median,-0.020359,-0.024160,-0.003801,-0.005259,-0.010228,-0.027996,-0.017769,0.710287,0.340853,-0.369433,0.000000,0.000000,0.000000,0.005259
three_band_holdout,band_3_north,annual_mean_ssta_crw5km_local_z,-0.029166,-0.033728,-0.004563,-0.005042,-0.222227,-0.139366,0.082860,1.074203,1.254418,0.180215,0.000000,0.000000,0.000000,0.005042
three_band_holdout,band_1_south,annual_max_wave_height_percentile_within_wave_source,0.540392,0.539516,-0.000877,-0.002910,0.588235,0.529412,-0.058824,0.529412,0.588235,0.058824,0.305556,0.305556,0.000000,0.002910
three_band_holdout,band_3_north,warmest_month_mean_sst_crw5km_percentile_within_cell,0.507486,0.506769,-0.000716,-0.002524,0.500000,0.500000,0.000000,0.500000,0.500000,0.000000,0.000000,0.000000,0.000000,0.002524
three_band_holdout,band_2_central,warmest_month_mean_sst_crw5km_percentile_within_cell,0.507090,0.507564,0.000474,0.001675,0.500000,0.500000,0.000000,0.500000,0.464286,-0.035714,0.000000,0.000000,0.000000,0.001675
three_band_holdout,band_1_south,warmest_month_mean_sst_crw5km_percentile_within_cell,0.507155,0.507411,0.000256,0.000901,0.500000,0.500000,0.000000,0.500000,0.500000,0.000000,0.000000,0.000000,0.000000,0.000901
