year,split,current_reference_state,next_reference_state,count,row_total,transition_probability,overall_share
1984,pre_modeling,low_below_p25,high_above_p75,20,43,0.465116,0.400000
1984,pre_modeling,low_below_p25,low_below_p25,6,43,0.139535,0.120000
1984,pre_modeling,low_below_p25,lower_mid_p25_p50,6,43,0.139535,0.120000
1984,pre_modeling,low_below_p25,upper_mid_p50_p75,11,43,0.255814,0.220000
1984,pre_modeling,lower_mid_p25_p50,high_above_p75,5,7,0.714286,0.100000
1984,pre_modeling,lower_mid_p25_p50,low_below_p25,1,7,0.142857,0.020000
1984,pre_modeling,lower_mid_p25_p50,lower_mid_p25_p50,1,7,0.142857,0.020000
1985,pre_modeling,high_above_p75,high_above_p75,7,25,0.280000,0.140000
1985,pre_modeling,high_above_p75,low_below_p25,6,25,0.240000,0.120000
1985,pre_modeling,high_above_p75,lower_mid_p25_p50,4,25,0.160000,0.080000
1985,pre_modeling,high_above_p75,upper_mid_p50_p75,8,25,0.320000,0.160000
1985,pre_modeling,low_below_p25,low_below_p25,1,7,0.142857,0.020000
1985,pre_modeling,low_below_p25,lower_mid_p25_p50,5,7,0.714286,0.100000
1985,pre_modeling,low_below_p25,upper_mid_p50_p75,1,7,0.142857,0.020000
1985,pre_modeling,lower_mid_p25_p50,high_above_p75,3,7,0.428571,0.060000
1985,pre_modeling,lower_mid_p25_p50,low_below_p25,1,7,0.142857,0.020000
1985,pre_modeling,lower_mid_p25_p50,lower_mid_p25_p50,2,7,0.285714,0.040000
1985,pre_modeling,lower_mid_p25_p50,upper_mid_p50_p75,1,7,0.142857,0.020000
1985,pre_modeling,upper_mid_p50_p75,high_above_p75,3,11,0.272727,0.060000
1985,pre_modeling,upper_mid_p50_p75,low_below_p25,2,11,0.181818,0.040000
1985,pre_modeling,upper_mid_p50_p75,lower_mid_p25_p50,1,11,0.090909,0.020000
1985,pre_modeling,upper_mid_p50_p75,upper_mid_p50_p75,5,11,0.454545,0.100000
1986,pre_modeling,high_above_p75,high_above_p75,2,13,0.153846,0.040000
1986,pre_modeling,high_above_p75,low_below_p25,5,13,0.384615,0.100000
1986,pre_modeling,high_above_p75,lower_mid_p25_p50,1,13,0.076923,0.020000
1986,pre_modeling,high_above_p75,upper_mid_p50_p75,5,13,0.384615,0.100000
1986,pre_modeling,low_below_p25,high_above_p75,2,10,0.200000,0.040000
1986,pre_modeling,low_below_p25,low_below_p25,2,10,0.200000,0.040000
1986,pre_modeling,low_below_p25,lower_mid_p25_p50,5,10,0.500000,0.100000
1986,pre_modeling,low_below_p25,upper_mid_p50_p75,1,10,0.100000,0.020000
1986,pre_modeling,lower_mid_p25_p50,high_above_p75,2,12,0.166667,0.040000
1986,pre_modeling,lower_mid_p25_p50,low_below_p25,2,12,0.166667,0.040000
1986,pre_modeling,lower_mid_p25_p50,lower_mid_p25_p50,2,12,0.166667,0.040000
1986,pre_modeling,lower_mid_p25_p50,upper_mid_p50_p75,6,12,0.500000,0.120000
1986,pre_modeling,upper_mid_p50_p75,high_above_p75,6,15,0.400000,0.120000
1986,pre_modeling,upper_mid_p50_p75,low_below_p25,3,15,0.200000,0.060000
1986,pre_modeling,upper_mid_p50_p75,lower_mid_p25_p50,5,15,0.333333,0.100000
1986,pre_modeling,upper_mid_p50_p75,upper_mid_p50_p75,1,15,0.066667,0.020000
1987,pre_modeling,high_above_p75,high_above_p75,4,12,0.333333,0.080000
1987,pre_modeling,high_above_p75,lower_mid_p25_p50,1,12,0.083333,0.020000
1987,pre_modeling,high_above_p75,upper_mid_p50_p75,7,12,0.583333,0.140000
1987,pre_modeling,low_below_p25,high_above_p75,3,12,0.250000,0.060000
1987,pre_modeling,low_below_p25,low_below_p25,2,12,0.166667,0.040000
1987,pre_modeling,low_below_p25,lower_mid_p25_p50,3,12,0.250000,0.060000
1987,pre_modeling,low_below_p25,upper_mid_p50_p75,4,12,0.333333,0.080000
1987,pre_modeling,lower_mid_p25_p50,high_above_p75,5,13,0.384615,0.100000
1987,pre_modeling,lower_mid_p25_p50,low_below_p25,2,13,0.153846,0.040000
1987,pre_modeling,lower_mid_p25_p50,lower_mid_p25_p50,3,13,0.230769,0.060000
1987,pre_modeling,lower_mid_p25_p50,upper_mid_p50_p75,3,13,0.230769,0.060000
1987,pre_modeling,upper_mid_p50_p75,high_above_p75,4,13,0.307692,0.080000
1987,pre_modeling,upper_mid_p50_p75,low_below_p25,3,13,0.230769,0.060000
1987,pre_modeling,upper_mid_p50_p75,lower_mid_p25_p50,3,13,0.230769,0.060000
1987,pre_modeling,upper_mid_p50_p75,upper_mid_p50_p75,3,13,0.230769,0.060000
1988,pre_modeling,high_above_p75,high_above_p75,9,16,0.562500,0.180000
1988,pre_modeling,high_above_p75,lower_mid_p25_p50,1,16,0.062500,0.020000
1988,pre_modeling,high_above_p75,upper_mid_p50_p75,6,16,0.375000,0.120000
1988,pre_modeling,low_below_p25,low_below_p25,2,7,0.285714,0.040000
1988,pre_modeling,low_below_p25,lower_mid_p25_p50,2,7,0.285714,0.040000
1988,pre_modeling,low_below_p25,upper_mid_p50_p75,3,7,0.428571,0.060000
1988,pre_modeling,lower_mid_p25_p50,high_above_p75,4,10,0.400000,0.080000
1988,pre_modeling,lower_mid_p25_p50,lower_mid_p25_p50,3,10,0.300000,0.060000
1988,pre_modeling,lower_mid_p25_p50,upper_mid_p50_p75,3,10,0.300000,0.060000
1988,pre_modeling,upper_mid_p50_p75,high_above_p75,4,17,0.235294,0.080000
1988,pre_modeling,upper_mid_p50_p75,lower_mid_p25_p50,4,17,0.235294,0.080000
1988,pre_modeling,upper_mid_p50_p75,upper_mid_p50_p75,9,17,0.529412,0.180000
1989,train,high_above_p75,high_above_p75,14,17,0.823529,0.280000
1989,train,high_above_p75,upper_mid_p50_p75,3,17,0.176471,0.060000
1989,train,low_below_p25,high_above_p75,1,2,0.500000,0.020000
1989,train,low_below_p25,lower_mid_p25_p50,1,2,0.500000,0.020000
1989,train,lower_mid_p25_p50,high_above_p75,3,10,0.300000,0.060000
1989,train,lower_mid_p25_p50,low_below_p25,1,10,0.100000,0.020000
1989,train,lower_mid_p25_p50,upper_mid_p50_p75,6,10,0.600000,0.120000
1989,train,upper_mid_p50_p75,high_above_p75,18,21,0.857143,0.360000
1989,train,upper_mid_p50_p75,lower_mid_p25_p50,1,21,0.047619,0.020000
1989,train,upper_mid_p50_p75,upper_mid_p50_p75,2,21,0.095238,0.040000
1990,train,high_above_p75,high_above_p75,15,36,0.416667,0.300000
1990,train,high_above_p75,low_below_p25,6,36,0.166667,0.120000
1990,train,high_above_p75,lower_mid_p25_p50,6,36,0.166667,0.120000
1990,train,high_above_p75,upper_mid_p50_p75,9,36,0.250000,0.180000
1990,train,low_below_p25,upper_mid_p50_p75,1,1,1.000000,0.020000
1990,train,lower_mid_p25_p50,low_below_p25,2,2,1.000000,0.040000
1990,train,upper_mid_p50_p75,high_above_p75,2,11,0.181818,0.040000
1990,train,upper_mid_p50_p75,low_below_p25,7,11,0.636364,0.140000
1990,train,upper_mid_p50_p75,lower_mid_p25_p50,1,11,0.090909,0.020000
1990,train,upper_mid_p50_p75,upper_mid_p50_p75,1,11,0.090909,0.020000
1991,train,high_above_p75,high_above_p75,9,17,0.529412,0.180000
1991,train,high_above_p75,lower_mid_p25_p50,6,17,0.352941,0.120000
1991,train,high_above_p75,upper_mid_p50_p75,2,17,0.117647,0.040000
1991,train,low_below_p25,high_above_p75,3,15,0.200000,0.060000
1991,train,low_below_p25,low_below_p25,3,15,0.200000,0.060000
1991,train,low_below_p25,lower_mid_p25_p50,3,15,0.200000,0.060000
1991,train,low_below_p25,upper_mid_p50_p75,6,15,0.400000,0.120000
1991,train,lower_mid_p25_p50,low_below_p25,3,7,0.428571,0.060000
1991,train,lower_mid_p25_p50,lower_mid_p25_p50,4,7,0.571429,0.080000
1991,train,upper_mid_p50_p75,high_above_p75,2,11,0.181818,0.040000
1991,train,upper_mid_p50_p75,low_below_p25,3,11,0.272727,0.060000
1991,train,upper_mid_p50_p75,lower_mid_p25_p50,3,11,0.272727,0.060000
1991,train,upper_mid_p50_p75,upper_mid_p50_p75,3,11,0.272727,0.060000
1992,train,high_above_p75,high_above_p75,2,14,0.142857,0.040000
1992,train,high_above_p75,low_below_p25,5,14,0.357143,0.100000
1992,train,high_above_p75,lower_mid_p25_p50,4,14,0.285714,0.080000
1992,train,high_above_p75,upper_mid_p50_p75,3,14,0.214286,0.060000
1992,train,low_below_p25,high_above_p75,4,9,0.444444,0.080000
1992,train,low_below_p25,low_below_p25,1,9,0.111111,0.020000
1992,train,low_below_p25,lower_mid_p25_p50,2,9,0.222222,0.040000
1992,train,low_below_p25,upper_mid_p50_p75,2,9,0.222222,0.040000
1992,train,lower_mid_p25_p50,high_above_p75,3,16,0.187500,0.060000
1992,train,lower_mid_p25_p50,low_below_p25,5,16,0.312500,0.100000
1992,train,lower_mid_p25_p50,lower_mid_p25_p50,4,16,0.250000,0.080000
1992,train,lower_mid_p25_p50,upper_mid_p50_p75,4,16,0.250000,0.080000
1992,train,upper_mid_p50_p75,high_above_p75,1,11,0.090909,0.020000
1992,train,upper_mid_p50_p75,low_below_p25,5,11,0.454545,0.100000
1992,train,upper_mid_p50_p75,lower_mid_p25_p50,3,11,0.272727,0.060000
1992,train,upper_mid_p50_p75,upper_mid_p50_p75,2,11,0.181818,0.040000
1993,train,high_above_p75,high_above_p75,5,10,0.500000,0.100000
1993,train,high_above_p75,lower_mid_p25_p50,2,10,0.200000,0.040000
1993,train,high_above_p75,upper_mid_p50_p75,3,10,0.300000,0.060000
1993,train,low_below_p25,high_above_p75,2,16,0.125000,0.040000
1993,train,low_below_p25,low_below_p25,2,16,0.125000,0.040000
1993,train,low_below_p25,lower_mid_p25_p50,8,16,0.500000,0.160000
1993,train,low_below_p25,upper_mid_p50_p75,4,16,0.250000,0.080000
1993,train,lower_mid_p25_p50,high_above_p75,4,13,0.307692,0.080000
1993,train,lower_mid_p25_p50,low_below_p25,4,13,0.307692,0.080000
1993,train,lower_mid_p25_p50,lower_mid_p25_p50,3,13,0.230769,0.060000
1993,train,lower_mid_p25_p50,upper_mid_p50_p75,2,13,0.153846,0.040000
1993,train,upper_mid_p50_p75,high_above_p75,6,11,0.545455,0.120000
1993,train,upper_mid_p50_p75,low_below_p25,1,11,0.090909,0.020000
1993,train,upper_mid_p50_p75,lower_mid_p25_p50,1,11,0.090909,0.020000
1993,train,upper_mid_p50_p75,upper_mid_p50_p75,3,11,0.272727,0.060000
1994,train,high_above_p75,low_below_p25,11,17,0.647059,0.220000
1994,train,high_above_p75,lower_mid_p25_p50,5,17,0.294118,0.100000
1994,train,high_above_p75,upper_mid_p50_p75,1,17,0.058824,0.020000
1994,train,low_below_p25,low_below_p25,4,7,0.571429,0.080000
1994,train,low_below_p25,lower_mid_p25_p50,1,7,0.142857,0.020000
1994,train,low_below_p25,upper_mid_p50_p75,2,7,0.285714,0.040000
1994,train,lower_mid_p25_p50,low_below_p25,12,14,0.857143,0.240000
1994,train,lower_mid_p25_p50,lower_mid_p25_p50,2,14,0.142857,0.040000
1994,train,upper_mid_p50_p75,low_below_p25,8,12,0.666667,0.160000
1994,train,upper_mid_p50_p75,lower_mid_p25_p50,2,12,0.166667,0.040000
1994,train,upper_mid_p50_p75,upper_mid_p50_p75,2,12,0.166667,0.040000
1995,train,low_below_p25,high_above_p75,1,35,0.028571,0.020000
1995,train,low_below_p25,low_below_p25,15,35,0.428571,0.300000
1995,train,low_below_p25,lower_mid_p25_p50,14,35,0.400000,0.280000
1995,train,low_below_p25,upper_mid_p50_p75,5,35,0.142857,0.100000
1995,train,lower_mid_p25_p50,low_below_p25,5,10,0.500000,0.100000
1995,train,lower_mid_p25_p50,lower_mid_p25_p50,2,10,0.200000,0.040000
1995,train,lower_mid_p25_p50,upper_mid_p50_p75,3,10,0.300000,0.060000
1995,train,upper_mid_p50_p75,low_below_p25,4,5,0.800000,0.080000
1995,train,upper_mid_p50_p75,lower_mid_p25_p50,1,5,0.200000,0.020000
1996,train,high_above_p75,upper_mid_p50_p75,1,1,1.000000,0.020000
1996,train,low_below_p25,low_below_p25,5,24,0.208333,0.100000
1996,train,low_below_p25,lower_mid_p25_p50,15,24,0.625000,0.300000
1996,train,low_below_p25,upper_mid_p50_p75,4,24,0.166667,0.080000
1996,train,lower_mid_p25_p50,high_above_p75,4,17,0.235294,0.080000
1996,train,lower_mid_p25_p50,low_below_p25,2,17,0.117647,0.040000
1996,train,lower_mid_p25_p50,lower_mid_p25_p50,2,17,0.117647,0.040000
1996,train,lower_mid_p25_p50,upper_mid_p50_p75,9,17,0.529412,0.180000
1996,train,upper_mid_p50_p75,high_above_p75,2,8,0.250000,0.040000
1996,train,upper_mid_p50_p75,lower_mid_p25_p50,1,8,0.125000,0.020000
1996,train,upper_mid_p50_p75,upper_mid_p50_p75,5,8,0.625000,0.100000
1997,train,high_above_p75,low_below_p25,5,6,0.833333,0.100000
1997,train,high_above_p75,lower_mid_p25_p50,1,6,0.166667,0.020000
1997,train,low_below_p25,low_below_p25,6,7,0.857143,0.120000
1997,train,low_below_p25,lower_mid_p25_p50,1,7,0.142857,0.020000
1997,train,lower_mid_p25_p50,low_below_p25,17,18,0.944444,0.340000
1997,train,lower_mid_p25_p50,lower_mid_p25_p50,1,18,0.055556,0.020000
1997,train,upper_mid_p50_p75,high_above_p75,1,19,0.052632,0.020000
1997,train,upper_mid_p50_p75,low_below_p25,15,19,0.789474,0.300000
1997,train,upper_mid_p50_p75,lower_mid_p25_p50,2,19,0.105263,0.040000
1997,train,upper_mid_p50_p75,upper_mid_p50_p75,1,19,0.052632,0.020000
1998,train,high_above_p75,upper_mid_p50_p75,1,1,1.000000,0.020000
1998,train,low_below_p25,high_above_p75,19,43,0.441860,0.380000
1998,train,low_below_p25,low_below_p25,5,43,0.116279,0.100000
1998,train,low_below_p25,lower_mid_p25_p50,8,43,0.186047,0.160000
1998,train,low_below_p25,upper_mid_p50_p75,11,43,0.255814,0.220000
1998,train,lower_mid_p25_p50,high_above_p75,4,5,0.800000,0.080000
1998,train,lower_mid_p25_p50,lower_mid_p25_p50,1,5,0.200000,0.020000
1998,train,upper_mid_p50_p75,high_above_p75,1,1,1.000000,0.020000
1999,train,high_above_p75,high_above_p75,5,24,0.208333,0.100000
1999,train,high_above_p75,low_below_p25,5,24,0.208333,0.100000
1999,train,high_above_p75,lower_mid_p25_p50,8,24,0.333333,0.160000
1999,train,high_above_p75,upper_mid_p50_p75,6,24,0.250000,0.120000
1999,train,low_below_p25,low_below_p25,2,5,0.400000,0.040000
1999,train,low_below_p25,lower_mid_p25_p50,3,5,0.600000,0.060000
1999,train,lower_mid_p25_p50,high_above_p75,1,9,0.111111,0.020000
1999,train,lower_mid_p25_p50,low_below_p25,1,9,0.111111,0.020000
1999,train,lower_mid_p25_p50,lower_mid_p25_p50,5,9,0.555556,0.100000
1999,train,lower_mid_p25_p50,upper_mid_p50_p75,2,9,0.222222,0.040000
1999,train,upper_mid_p50_p75,high_above_p75,1,12,0.083333,0.020000
1999,train,upper_mid_p50_p75,low_below_p25,5,12,0.416667,0.100000
1999,train,upper_mid_p50_p75,lower_mid_p25_p50,5,12,0.416667,0.100000
1999,train,upper_mid_p50_p75,upper_mid_p50_p75,1,12,0.083333,0.020000
2000,train,high_above_p75,high_above_p75,4,7,0.571429,0.080000
2000,train,high_above_p75,lower_mid_p25_p50,2,7,0.285714,0.040000
2000,train,high_above_p75,upper_mid_p50_p75,1,7,0.142857,0.020000
2000,train,low_below_p25,high_above_p75,3,13,0.230769,0.060000
2000,train,low_below_p25,low_below_p25,2,13,0.153846,0.040000
2000,train,low_below_p25,lower_mid_p25_p50,4,13,0.307692,0.080000
2000,train,low_below_p25,upper_mid_p50_p75,4,13,0.307692,0.080000
2000,train,lower_mid_p25_p50,high_above_p75,8,21,0.380952,0.160000
2000,train,lower_mid_p25_p50,lower_mid_p25_p50,2,21,0.095238,0.040000
2000,train,lower_mid_p25_p50,upper_mid_p50_p75,11,21,0.523810,0.220000
2000,train,upper_mid_p50_p75,high_above_p75,6,9,0.666667,0.120000
2000,train,upper_mid_p50_p75,upper_mid_p50_p75,3,9,0.333333,0.060000
2001,train,high_above_p75,high_above_p75,10,21,0.476190,0.200000
2001,train,high_above_p75,low_below_p25,2,21,0.095238,0.040000
2001,train,high_above_p75,lower_mid_p25_p50,7,21,0.333333,0.140000
2001,train,high_above_p75,upper_mid_p50_p75,2,21,0.095238,0.040000
2001,train,low_below_p25,high_above_p75,1,2,0.500000,0.020000
2001,train,low_below_p25,lower_mid_p25_p50,1,2,0.500000,0.020000
2001,train,lower_mid_p25_p50,high_above_p75,2,8,0.250000,0.040000
2001,train,lower_mid_p25_p50,lower_mid_p25_p50,2,8,0.250000,0.040000
2001,train,lower_mid_p25_p50,upper_mid_p50_p75,4,8,0.500000,0.080000
2001,train,upper_mid_p50_p75,high_above_p75,8,19,0.421053,0.160000
2001,train,upper_mid_p50_p75,low_below_p25,1,19,0.052632,0.020000
2001,train,upper_mid_p50_p75,lower_mid_p25_p50,5,19,0.263158,0.100000
2001,train,upper_mid_p50_p75,upper_mid_p50_p75,5,19,0.263158,0.100000
2002,train,high_above_p75,high_above_p75,4,21,0.190476,0.080000
2002,train,high_above_p75,low_below_p25,10,21,0.476190,0.200000
2002,train,high_above_p75,lower_mid_p25_p50,5,21,0.238095,0.100000
2002,train,high_above_p75,upper_mid_p50_p75,2,21,0.095238,0.040000
2002,train,low_below_p25,lower_mid_p25_p50,3,3,1.000000,0.060000
2002,train,lower_mid_p25_p50,high_above_p75,2,15,0.133333,0.040000
2002,train,lower_mid_p25_p50,low_below_p25,7,15,0.466667,0.140000
2002,train,lower_mid_p25_p50,lower_mid_p25_p50,4,15,0.266667,0.080000
2002,train,lower_mid_p25_p50,upper_mid_p50_p75,2,15,0.133333,0.040000
2002,train,upper_mid_p50_p75,low_below_p25,8,11,0.727273,0.160000
2002,train,upper_mid_p50_p75,lower_mid_p25_p50,2,11,0.181818,0.040000
2002,train,upper_mid_p50_p75,upper_mid_p50_p75,1,11,0.090909,0.020000
2003,train,high_above_p75,high_above_p75,4,6,0.666667,0.080000
2003,train,high_above_p75,lower_mid_p25_p50,2,6,0.333333,0.040000
2003,train,low_below_p25,high_above_p75,3,25,0.120000,0.060000
2003,train,low_below_p25,low_below_p25,9,25,0.360000,0.180000
2003,train,low_below_p25,lower_mid_p25_p50,9,25,0.360000,0.180000
2003,train,low_below_p25,upper_mid_p50_p75,4,25,0.160000,0.080000
2003,train,lower_mid_p25_p50,high_above_p75,3,14,0.214286,0.060000
2003,train,lower_mid_p25_p50,lower_mid_p25_p50,5,14,0.357143,0.100000
2003,train,lower_mid_p25_p50,upper_mid_p50_p75,6,14,0.428571,0.120000
2003,train,upper_mid_p50_p75,high_above_p75,4,5,0.800000,0.080000
2003,train,upper_mid_p50_p75,upper_mid_p50_p75,1,5,0.200000,0.020000
2004,train,high_above_p75,high_above_p75,5,14,0.357143,0.100000
2004,train,high_above_p75,low_below_p25,1,14,0.071429,0.020000
2004,train,high_above_p75,lower_mid_p25_p50,2,14,0.142857,0.040000
2004,train,high_above_p75,upper_mid_p50_p75,6,14,0.428571,0.120000
2004,train,low_below_p25,low_below_p25,9,9,1.000000,0.180000
2004,train,lower_mid_p25_p50,high_above_p75,2,16,0.125000,0.040000
2004,train,lower_mid_p25_p50,low_below_p25,8,16,0.500000,0.160000
2004,train,lower_mid_p25_p50,lower_mid_p25_p50,4,16,0.250000,0.080000
2004,train,lower_mid_p25_p50,upper_mid_p50_p75,2,16,0.125000,0.040000
2004,train,upper_mid_p50_p75,high_above_p75,1,11,0.090909,0.020000
2004,train,upper_mid_p50_p75,low_below_p25,3,11,0.272727,0.060000
2004,train,upper_mid_p50_p75,lower_mid_p25_p50,3,11,0.272727,0.060000
2004,train,upper_mid_p50_p75,upper_mid_p50_p75,4,11,0.363636,0.080000
2005,train,high_above_p75,low_below_p25,1,8,0.125000,0.020000
2005,train,high_above_p75,lower_mid_p25_p50,5,8,0.625000,0.100000
2005,train,high_above_p75,upper_mid_p50_p75,2,8,0.250000,0.040000
2005,train,low_below_p25,low_below_p25,13,21,0.619048,0.260000
2005,train,low_below_p25,lower_mid_p25_p50,7,21,0.333333,0.140000
2005,train,low_below_p25,upper_mid_p50_p75,1,21,0.047619,0.020000
2005,train,lower_mid_p25_p50,low_below_p25,5,9,0.555556,0.100000
2005,train,lower_mid_p25_p50,lower_mid_p25_p50,4,9,0.444444,0.080000
2005,train,upper_mid_p50_p75,low_below_p25,7,12,0.583333,0.140000
2005,train,upper_mid_p50_p75,lower_mid_p25_p50,4,12,0.333333,0.080000
2005,train,upper_mid_p50_p75,upper_mid_p50_p75,1,12,0.083333,0.020000
2006,train,low_below_p25,high_above_p75,4,26,0.153846,0.080000
2006,train,low_below_p25,lower_mid_p25_p50,9,26,0.346154,0.180000
2006,train,low_below_p25,upper_mid_p50_p75,13,26,0.500000,0.260000
2006,train,lower_mid_p25_p50,high_above_p75,4,20,0.200000,0.080000
2006,train,lower_mid_p25_p50,low_below_p25,2,20,0.100000,0.040000
2006,train,lower_mid_p25_p50,lower_mid_p25_p50,6,20,0.300000,0.120000
2006,train,lower_mid_p25_p50,upper_mid_p50_p75,8,20,0.400000,0.160000
2006,train,upper_mid_p50_p75,high_above_p75,2,4,0.500000,0.040000
2006,train,upper_mid_p50_p75,lower_mid_p25_p50,1,4,0.250000,0.020000
2006,train,upper_mid_p50_p75,upper_mid_p50_p75,1,4,0.250000,0.020000
2007,train,high_above_p75,high_above_p75,5,10,0.500000,0.100000
2007,train,high_above_p75,low_below_p25,2,10,0.200000,0.040000
2007,train,high_above_p75,lower_mid_p25_p50,1,10,0.100000,0.020000
2007,train,high_above_p75,upper_mid_p50_p75,2,10,0.200000,0.040000
2007,train,low_below_p25,high_above_p75,1,2,0.500000,0.020000
2007,train,low_below_p25,upper_mid_p50_p75,1,2,0.500000,0.020000
2007,train,lower_mid_p25_p50,high_above_p75,7,16,0.437500,0.140000
2007,train,lower_mid_p25_p50,low_below_p25,1,16,0.062500,0.020000
2007,train,lower_mid_p25_p50,lower_mid_p25_p50,3,16,0.187500,0.060000
2007,train,lower_mid_p25_p50,upper_mid_p50_p75,5,16,0.312500,0.100000
2007,train,upper_mid_p50_p75,high_above_p75,11,22,0.500000,0.220000
2007,train,upper_mid_p50_p75,low_below_p25,1,22,0.045455,0.020000
2007,train,upper_mid_p50_p75,lower_mid_p25_p50,2,22,0.090909,0.040000
2007,train,upper_mid_p50_p75,upper_mid_p50_p75,8,22,0.363636,0.160000
2008,train,high_above_p75,high_above_p75,12,24,0.500000,0.240000
2008,train,high_above_p75,lower_mid_p25_p50,1,24,0.041667,0.020000
2008,train,high_above_p75,upper_mid_p50_p75,11,24,0.458333,0.220000
2008,train,low_below_p25,lower_mid_p25_p50,3,4,0.750000,0.060000
2008,train,low_below_p25,upper_mid_p50_p75,1,4,0.250000,0.020000
2008,train,lower_mid_p25_p50,lower_mid_p25_p50,1,6,0.166667,0.020000
2008,train,lower_mid_p25_p50,upper_mid_p50_p75,5,6,0.833333,0.100000
2008,train,upper_mid_p50_p75,high_above_p75,10,16,0.625000,0.200000
2008,train,upper_mid_p50_p75,lower_mid_p25_p50,3,16,0.187500,0.060000
2008,train,upper_mid_p50_p75,upper_mid_p50_p75,3,16,0.187500,0.060000
2009,train,high_above_p75,high_above_p75,5,22,0.227273,0.100000
2009,train,high_above_p75,low_below_p25,7,22,0.318182,0.140000
2009,train,high_above_p75,lower_mid_p25_p50,4,22,0.181818,0.080000
2009,train,high_above_p75,upper_mid_p50_p75,6,22,0.272727,0.120000
2009,train,lower_mid_p25_p50,high_above_p75,2,8,0.250000,0.040000
2009,train,lower_mid_p25_p50,low_below_p25,2,8,0.250000,0.040000
2009,train,lower_mid_p25_p50,lower_mid_p25_p50,2,8,0.250000,0.040000
2009,train,lower_mid_p25_p50,upper_mid_p50_p75,2,8,0.250000,0.040000
2009,train,upper_mid_p50_p75,high_above_p75,3,20,0.150000,0.060000
2009,train,upper_mid_p50_p75,low_below_p25,5,20,0.250000,0.100000
2009,train,upper_mid_p50_p75,lower_mid_p25_p50,9,20,0.450000,0.180000
2009,train,upper_mid_p50_p75,upper_mid_p50_p75,3,20,0.150000,0.060000
2010,train,high_above_p75,high_above_p75,3,10,0.300000,0.060000
2010,train,high_above_p75,low_below_p25,3,10,0.300000,0.060000
2010,train,high_above_p75,lower_mid_p25_p50,3,10,0.300000,0.060000
2010,train,high_above_p75,upper_mid_p50_p75,1,10,0.100000,0.020000
2010,train,low_below_p25,low_below_p25,10,14,0.714286,0.200000
2010,train,low_below_p25,lower_mid_p25_p50,2,14,0.142857,0.040000
2010,train,low_below_p25,upper_mid_p50_p75,2,14,0.142857,0.040000
2010,train,lower_mid_p25_p50,high_above_p75,1,15,0.066667,0.020000
2010,train,lower_mid_p25_p50,low_below_p25,8,15,0.533333,0.160000
2010,train,lower_mid_p25_p50,lower_mid_p25_p50,4,15,0.266667,0.080000
2010,train,lower_mid_p25_p50,upper_mid_p50_p75,2,15,0.133333,0.040000
2010,train,upper_mid_p50_p75,high_above_p75,1,11,0.090909,0.020000
2010,train,upper_mid_p50_p75,low_below_p25,5,11,0.454545,0.100000
2010,train,upper_mid_p50_p75,lower_mid_p25_p50,3,11,0.272727,0.060000
2010,train,upper_mid_p50_p75,upper_mid_p50_p75,2,11,0.181818,0.040000
2011,train,high_above_p75,high_above_p75,2,5,0.400000,0.040000
2011,train,high_above_p75,lower_mid_p25_p50,1,5,0.200000,0.020000
2011,train,high_above_p75,upper_mid_p50_p75,2,5,0.400000,0.040000
2011,train,low_below_p25,high_above_p75,4,26,0.153846,0.080000
2011,train,low_below_p25,low_below_p25,12,26,0.461538,0.240000
2011,train,low_below_p25,lower_mid_p25_p50,7,26,0.269231,0.140000
2011,train,low_below_p25,upper_mid_p50_p75,3,26,0.115385,0.060000
2011,train,lower_mid_p25_p50,high_above_p75,7,12,0.583333,0.140000
2011,train,lower_mid_p25_p50,lower_mid_p25_p50,5,12,0.416667,0.100000
2011,train,upper_mid_p50_p75,high_above_p75,5,7,0.714286,0.100000
2011,train,upper_mid_p50_p75,upper_mid_p50_p75,2,7,0.285714,0.040000
2012,train,high_above_p75,high_above_p75,10,18,0.555556,0.200000
2012,train,high_above_p75,lower_mid_p25_p50,2,18,0.111111,0.040000
2012,train,high_above_p75,upper_mid_p50_p75,6,18,0.333333,0.120000
2012,train,low_below_p25,high_above_p75,3,12,0.250000,0.060000
2012,train,low_below_p25,lower_mid_p25_p50,3,12,0.250000,0.060000
2012,train,low_below_p25,upper_mid_p50_p75,6,12,0.500000,0.120000
2012,train,lower_mid_p25_p50,high_above_p75,8,13,0.615385,0.160000
2012,train,lower_mid_p25_p50,upper_mid_p50_p75,5,13,0.384615,0.100000
2012,train,upper_mid_p50_p75,high_above_p75,4,7,0.571429,0.080000
2012,train,upper_mid_p50_p75,lower_mid_p25_p50,2,7,0.285714,0.040000
2012,train,upper_mid_p50_p75,upper_mid_p50_p75,1,7,0.142857,0.020000
2013,train,high_above_p75,high_above_p75,1,25,0.040000,0.020000
2013,train,high_above_p75,low_below_p25,15,25,0.600000,0.300000
2013,train,high_above_p75,lower_mid_p25_p50,5,25,0.200000,0.100000
2013,train,high_above_p75,upper_mid_p50_p75,4,25,0.160000,0.080000
2013,train,lower_mid_p25_p50,low_below_p25,4,7,0.571429,0.080000
2013,train,lower_mid_p25_p50,lower_mid_p25_p50,2,7,0.285714,0.040000
2013,train,lower_mid_p25_p50,upper_mid_p50_p75,1,7,0.142857,0.020000
2013,train,upper_mid_p50_p75,high_above_p75,2,18,0.111111,0.040000
2013,train,upper_mid_p50_p75,low_below_p25,12,18,0.666667,0.240000
2013,train,upper_mid_p50_p75,lower_mid_p25_p50,1,18,0.055556,0.020000
2013,train,upper_mid_p50_p75,upper_mid_p50_p75,3,18,0.166667,0.060000
2014,train,high_above_p75,high_above_p75,3,3,1.000000,0.060000
2014,train,low_below_p25,high_above_p75,2,31,0.064516,0.040000
2014,train,low_below_p25,low_below_p25,19,31,0.612903,0.380000
2014,train,low_below_p25,lower_mid_p25_p50,6,31,0.193548,0.120000
2014,train,low_below_p25,upper_mid_p50_p75,4,31,0.129032,0.080000
2014,train,lower_mid_p25_p50,high_above_p75,3,8,0.375000,0.060000
2014,train,lower_mid_p25_p50,low_below_p25,2,8,0.250000,0.040000
2014,train,lower_mid_p25_p50,lower_mid_p25_p50,2,8,0.250000,0.040000
2014,train,lower_mid_p25_p50,upper_mid_p50_p75,1,8,0.125000,0.020000
2014,train,upper_mid_p50_p75,high_above_p75,7,8,0.875000,0.140000
2014,train,upper_mid_p50_p75,upper_mid_p50_p75,1,8,0.125000,0.020000
2015,train,high_above_p75,high_above_p75,10,15,0.666667,0.200000
2015,train,high_above_p75,low_below_p25,1,15,0.066667,0.020000
2015,train,high_above_p75,upper_mid_p50_p75,4,15,0.266667,0.080000
2015,train,low_below_p25,high_above_p75,1,21,0.047619,0.020000
2015,train,low_below_p25,low_below_p25,16,21,0.761905,0.320000
2015,train,low_below_p25,lower_mid_p25_p50,2,21,0.095238,0.040000
2015,train,low_below_p25,upper_mid_p50_p75,2,21,0.095238,0.040000
2015,train,lower_mid_p25_p50,low_below_p25,3,8,0.375000,0.060000
2015,train,lower_mid_p25_p50,lower_mid_p25_p50,3,8,0.375000,0.060000
2015,train,lower_mid_p25_p50,upper_mid_p50_p75,2,8,0.250000,0.040000
2015,train,upper_mid_p50_p75,high_above_p75,4,6,0.666667,0.080000
2015,train,upper_mid_p50_p75,low_below_p25,1,6,0.166667,0.020000
2015,train,upper_mid_p50_p75,upper_mid_p50_p75,1,6,0.166667,0.020000
2016,train,high_above_p75,high_above_p75,4,15,0.266667,0.080000
2016,train,high_above_p75,low_below_p25,2,15,0.133333,0.040000
2016,train,high_above_p75,lower_mid_p25_p50,7,15,0.466667,0.140000
2016,train,high_above_p75,upper_mid_p50_p75,2,15,0.133333,0.040000
2016,train,low_below_p25,low_below_p25,18,21,0.857143,0.360000
2016,train,low_below_p25,lower_mid_p25_p50,2,21,0.095238,0.040000
2016,train,low_below_p25,upper_mid_p50_p75,1,21,0.047619,0.020000
2016,train,lower_mid_p25_p50,high_above_p75,1,5,0.200000,0.020000
2016,train,lower_mid_p25_p50,low_below_p25,4,5,0.800000,0.080000
2016,train,upper_mid_p50_p75,low_below_p25,5,9,0.555556,0.100000
2016,train,upper_mid_p50_p75,lower_mid_p25_p50,4,9,0.444444,0.080000
2017,validation,high_above_p75,high_above_p75,5,5,1.000000,0.100000
2017,validation,low_below_p25,high_above_p75,3,29,0.103448,0.060000
2017,validation,low_below_p25,low_below_p25,18,29,0.620690,0.360000
2017,validation,low_below_p25,lower_mid_p25_p50,3,29,0.103448,0.060000
2017,validation,low_below_p25,upper_mid_p50_p75,5,29,0.172414,0.100000
2017,validation,lower_mid_p25_p50,high_above_p75,10,13,0.769231,0.200000
2017,validation,lower_mid_p25_p50,lower_mid_p25_p50,1,13,0.076923,0.020000
2017,validation,lower_mid_p25_p50,upper_mid_p50_p75,2,13,0.153846,0.040000
2017,validation,upper_mid_p50_p75,high_above_p75,2,3,0.666667,0.040000
2017,validation,upper_mid_p50_p75,low_below_p25,1,3,0.333333,0.020000
2018,validation,high_above_p75,high_above_p75,4,20,0.200000,0.080000
2018,validation,high_above_p75,low_below_p25,7,20,0.350000,0.140000
2018,validation,high_above_p75,lower_mid_p25_p50,5,20,0.250000,0.100000
2018,validation,high_above_p75,upper_mid_p50_p75,4,20,0.200000,0.080000
2018,validation,low_below_p25,low_below_p25,19,19,1.000000,0.380000
2018,validation,lower_mid_p25_p50,low_below_p25,4,4,1.000000,0.080000
2018,validation,upper_mid_p50_p75,low_below_p25,5,7,0.714286,0.100000
2018,validation,upper_mid_p50_p75,lower_mid_p25_p50,2,7,0.285714,0.040000
2019,validation,high_above_p75,high_above_p75,4,4,1.000000,0.080000
2019,validation,low_below_p25,low_below_p25,26,35,0.742857,0.520000
2019,validation,low_below_p25,lower_mid_p25_p50,6,35,0.171429,0.120000
2019,validation,low_below_p25,upper_mid_p50_p75,3,35,0.085714,0.060000
2019,validation,lower_mid_p25_p50,lower_mid_p25_p50,2,7,0.285714,0.040000
2019,validation,lower_mid_p25_p50,upper_mid_p50_p75,5,7,0.714286,0.100000
2019,validation,upper_mid_p50_p75,high_above_p75,2,4,0.500000,0.040000
2019,validation,upper_mid_p50_p75,upper_mid_p50_p75,2,4,0.500000,0.040000
2020,validation,high_above_p75,high_above_p75,6,6,1.000000,0.120000
2020,validation,low_below_p25,high_above_p75,1,26,0.038462,0.020000
2020,validation,low_below_p25,low_below_p25,19,26,0.730769,0.380000
2020,validation,low_below_p25,lower_mid_p25_p50,3,26,0.115385,0.060000
2020,validation,low_below_p25,upper_mid_p50_p75,3,26,0.115385,0.060000
2020,validation,lower_mid_p25_p50,high_above_p75,1,8,0.125000,0.020000
2020,validation,lower_mid_p25_p50,low_below_p25,2,8,0.250000,0.040000
2020,validation,lower_mid_p25_p50,lower_mid_p25_p50,3,8,0.375000,0.060000
2020,validation,lower_mid_p25_p50,upper_mid_p50_p75,2,8,0.250000,0.040000
2020,validation,upper_mid_p50_p75,high_above_p75,3,10,0.300000,0.060000
2020,validation,upper_mid_p50_p75,low_below_p25,2,10,0.200000,0.040000
2020,validation,upper_mid_p50_p75,lower_mid_p25_p50,2,10,0.200000,0.040000
2020,validation,upper_mid_p50_p75,upper_mid_p50_p75,3,10,0.300000,0.060000
2021,test,high_above_p75,high_above_p75,9,11,0.818182,0.180000
2021,test,high_above_p75,lower_mid_p25_p50,1,11,0.090909,0.020000
2021,test,high_above_p75,upper_mid_p50_p75,1,11,0.090909,0.020000
2021,test,low_below_p25,low_below_p25,18,23,0.782609,0.360000
2021,test,low_below_p25,lower_mid_p25_p50,5,23,0.217391,0.100000
2021,test,lower_mid_p25_p50,low_below_p25,4,8,0.500000,0.080000
2021,test,lower_mid_p25_p50,upper_mid_p50_p75,4,8,0.500000,0.080000
2021,test,upper_mid_p50_p75,high_above_p75,2,8,0.250000,0.040000
2021,test,upper_mid_p50_p75,low_below_p25,2,8,0.250000,0.040000
2021,test,upper_mid_p50_p75,upper_mid_p50_p75,4,8,0.500000,0.080000
2022,test,high_above_p75,low_below_p25,7,11,0.636364,0.140000
2022,test,high_above_p75,lower_mid_p25_p50,2,11,0.181818,0.040000
2022,test,high_above_p75,upper_mid_p50_p75,2,11,0.181818,0.040000
2022,test,low_below_p25,low_below_p25,24,24,1.000000,0.480000
2022,test,lower_mid_p25_p50,low_below_p25,5,6,0.833333,0.100000
2022,test,lower_mid_p25_p50,lower_mid_p25_p50,1,6,0.166667,0.020000
2022,test,upper_mid_p50_p75,low_below_p25,6,9,0.666667,0.120000
2022,test,upper_mid_p50_p75,lower_mid_p25_p50,2,9,0.222222,0.040000
2022,test,upper_mid_p50_p75,upper_mid_p50_p75,1,9,0.111111,0.020000
2023,test,low_below_p25,low_below_p25,37,42,0.880952,0.740000
2023,test,low_below_p25,lower_mid_p25_p50,4,42,0.095238,0.080000
2023,test,low_below_p25,upper_mid_p50_p75,1,42,0.023810,0.020000
2023,test,lower_mid_p25_p50,high_above_p75,2,5,0.400000,0.040000
2023,test,lower_mid_p25_p50,lower_mid_p25_p50,2,5,0.400000,0.040000
2023,test,lower_mid_p25_p50,upper_mid_p50_p75,1,5,0.200000,0.020000
2023,test,upper_mid_p50_p75,high_above_p75,2,3,0.666667,0.040000
2023,test,upper_mid_p50_p75,upper_mid_p50_p75,1,3,0.333333,0.020000
2024,test,high_above_p75,high_above_p75,3,4,0.750000,0.060000
2024,test,high_above_p75,upper_mid_p50_p75,1,4,0.250000,0.020000
2024,test,low_below_p25,low_below_p25,29,37,0.783784,0.580000
2024,test,low_below_p25,lower_mid_p25_p50,5,37,0.135135,0.100000
2024,test,low_below_p25,upper_mid_p50_p75,3,37,0.081081,0.060000
2024,test,lower_mid_p25_p50,high_above_p75,1,6,0.166667,0.020000
2024,test,lower_mid_p25_p50,low_below_p25,2,6,0.333333,0.040000
2024,test,lower_mid_p25_p50,lower_mid_p25_p50,2,6,0.333333,0.040000
2024,test,lower_mid_p25_p50,upper_mid_p50_p75,1,6,0.166667,0.020000
2024,test,upper_mid_p50_p75,lower_mid_p25_p50,2,3,0.666667,0.040000
2024,test,upper_mid_p50_p75,upper_mid_p50_p75,1,3,0.333333,0.020000
