site_id,site_latitude,site_longitude,mur_latitude,mur_longitude,mur_match_distance_km,mapping_radius_degrees
3_PALMS_EAST VRG,33.7181,-118.3326,33.72,-118.33,0.3200959101706178,0.05
ABALONE_COVE_KELP_W VRG,33.73922,-118.3879,33.74,-118.39,0.212669297316848,0.05
ANACAPA_MIDDLE_ISLE_CEN UCSB,34.01006,-119.3878,34.01,-119.39,0.2028925510456256,0.05
ANACAPA_MIDDLE_ISLE_W UCSB,34.00783,-119.3945,34.01,-119.39,0.4798666192652778,0.05
ANACAPA_WEST_ISLE_CEN UCSB,34.01698,-119.4329,34.02,-119.43,0.4291914617202102,0.05
ANACAPA_WEST_ISLE_W UCSB,34.01742,-119.4381,34.02,-119.44,0.3361048893993886,0.05
ANDREW_MOLERA_OLD_DC UCSC,36.273592,-121.869709,36.27,-121.87,0.4002637672731823,0.05
ANDREW_MOLERA_UC UCSC,36.27768,-121.876,36.28,-121.88,0.4417169702407601,0.05
ASILOMAR_DC UCSC,36.63224,-121.9467,36.63,-121.95,0.385683702900247,0.05
ASILOMAR_UC UCSC,36.63651,-121.9456,36.64,-121.95,0.5520200304632354,0.05
BIG_CREEK_DC UCSC,36.069079,-121.605115,36.07,-121.61,0.4508459150413115,0.05
BIG_CREEK_UC UCSC,36.069151000000005,-121.60802,36.07,-121.61,0.2014505867926809,0.05
BIRD_ROCK UCSC,36.59343,-121.9714,36.59,-121.97,0.4013575980599743,0.05
BUCHON UCSC,35.24408,-120.9011,35.24,-120.9,0.4645441357525754,0.05
BULLITO UCSB,34.45543,-120.332,34.46,-120.33,0.5402340746753812,0.05
BUNKER_POINT VRG,33.72465,-118.3532,33.72,-118.35,0.5957650170604051,0.05
BUTTERFLY_DC UCSC,36.53744,-121.9357,36.54,-121.94,0.4781339904350626,0.05
BUTTERFLY_UC UCSC,36.53966,-121.9363,36.54,-121.94,0.332709010964186,0.05
CABRILLO_NATIONAL_MONUMENT VRG,32.65805,-117.2472,32.66,-117.25,0.3401809338579973,0.05
CAMBRIA_DC UCSC,35.5678915,-121.1243095,35.57,-121.12,0.4548642663634403,0.05
CAMBRIA_UC UCSC,35.5704975,-121.1271225,35.57,-121.13,0.2660738120569751,0.05
CANNERY_DC UCSC,36.61495,-121.896,36.62,-121.9,0.6654083277816397,0.05
CANNERY_UC UCSC,36.61264,-121.8946,36.61,-121.89,0.5047271219187249,0.05
CAYUCOS_DC UCSC,35.434393,-120.947256,35.43,-120.95,0.5481063361220886,0.05
CAYUCOS_UC UCSC,35.43415,-120.950473,35.43,-120.95,0.463445229898059,0.05
CHILDRENS_POOL VRG,32.85167,-117.2783,32.85,-117.28,0.2443383766685429,0.05
CHINA_ROCK UCSC,36.59844,-121.9724,36.6,-121.97,0.2756670835824691,0.05
COJO_E UCSB,34.44129,-120.4168,34.44,-120.42,0.3266343586686688,0.05
COJO_W UCSB,34.4432,-120.4233,34.44,-120.42,0.467107649882818,0.05
COOPER UCSC,36.26315,-121.8566,36.26,-121.86,0.4643423484887385,0.05
COUNTY_LINE UCSB,34.04302,-118.9522,34.04,-118.95,0.392247573622205,0.05
CROWBAR UCSC,35.22616,-120.8814,35.23,-120.88,0.4455224496895179,0.05
CYPRESS_PT_UC UCSC,36.58577,-121.9803,36.59,-121.98,0.4711172263844477,0.05
Caspar,39.36173,-123.822,39.36,-123.83,0.7141743712484578,0.05
Caspar North,39.364429,-123.821327,39.36,-123.83,0.8935851760221319,0.05
DEEP_HOLE_EAST VRG,34.04518,-118.9604,34.04,-118.96,0.5771684321848124,0.05
DOLAN_DC UCSC,36.10018,-121.6284,36.1,-121.63,0.1451377447541481,0.05
DOLAN_UC UCSC,36.1092,-121.6336,36.11,-121.64,0.5817756468820633,0.05
ESTERO UCSC,35.47239,-121.0296,35.47,-121.03,0.2682135397535441,0.05
FALSE_SUR UCSC,36.27756,-121.8868,36.28,-121.89,0.3948334751194122,0.05
FLAT_ROCK_N VRG,33.80132,-118.4074,33.8,-118.41,0.28153105256293,0.05
FULLERS UCSC,36.20811,-121.7522,36.21,-121.75,0.2883171999545008,0.05
Flat Iron Rock,41.059425,-124.157829,41.06,-124.16,0.1929277495918146,0.05
Fort Ross,38.5106,-123.245,38.51,-123.25,0.4401346380823065,0.05
Frolic Cove,39.355026,-123.823868,39.36,-123.83,0.7641010046542449,0.05
GREEN_PEAK UCSC,35.1901,-120.8307,35.19,-120.83,0.0645760862037586,0.05
Gerstle Cove,38.56646,-123.33,38.56,-123.33,0.7183202183082497,0.05
Glass Beach,39.451645,-123.814728,39.45,-123.82,0.4882224052566024,0.05
HARMONY UCSC,35.49641,-121.0578,35.5,-121.06,0.4461143057391424,0.05
HAWTHORNE_REEF VRG,33.74703,-118.4178,33.75,-118.42,0.3878638340444982,0.05
HEISLER_PARK VRG,33.54039,-117.7919,33.54,-117.79,0.1813549753674623,0.05
HOPKINS_DC UCSC,36.62359,-121.9042,36.62,-121.9,0.5475828334732044,0.05
HOPKINS_UC UCSC,36.62165,-121.9008,36.62,-121.9,0.1968739421750338,0.05
HORSESHOE_REEF_W UCSB,34.39173,-119.5577,34.39,-119.56,0.2855610741566362,0.05
JALAMA_N UCSB,34.48696,-120.5005,34.49,-120.5,0.341125102186834,0.05
JALAMA_S UCSB,34.48084,-120.4945,34.48,-120.49,0.4229147428796738,0.05
LAGUNA_BEACH VRG,33.53026,-117.781,33.53,-117.78,0.0970957447830112,0.05
LA_CRUZ_DC UCSC,35.710426,-121.324076,35.71,-121.32,0.3710504411702847,0.05
LA_CRUZ_UC UCSC,35.713009,-121.325389,35.71,-121.33,0.5341004623314185,0.05
LECHUZA UCSB,34.03505,-118.871,34.03,-118.87,0.5690459356787019,0.05
LECHUZA VRG,34.03186,-118.8631,34.03,-118.86,0.3526790613764208,0.05
LITTLE_DUME_W VRG,34.00654,-118.791,34.01,-118.79,0.395622805037823,0.05
LITTLE_IRISH_CEN UCSC,35.17806,-120.8177,35.18,-120.82,0.3003850886421468,0.05
LITTLE_IRISH_DC UCSC,35.17593,-120.8125,35.18,-120.81,0.5064011254848865,0.05
LITTLE_IRISH_UC UCSC,35.18421,-120.8251,35.18,-120.83,0.6461119261264672,0.05
LONE_TREE UCSC,36.56642,-121.9707,36.56,-121.97,0.7166047495369707,0.05
LONG_POINT_E VRG,33.73595,-118.4012,33.73,-118.4,0.6708522524544636,0.05
LOPEZ_DC UCSC,36.022240499999995,-121.5812165,36.02,-121.58,0.2720966638719783,0.05
LOPEZ_OLD_UC UCSC,36.030994,-121.582622,36.03,-121.58,0.2604013381554956,0.05
LOVERS_DC UCSC,36.62577,-121.9107,36.63,-121.91,0.4744849835193388,0.05
LOVERS_UC UCSC,36.62422,-121.9091,36.63,-121.91,0.6477062447698729,0.05
LUNADA_BAY VRG,33.77106,-118.431,33.77,-118.43,0.1497880949775452,0.05
MACABEE_DC UCSC,36.61818,-121.8968,36.62,-121.9,0.3500257276893988,0.05
MACABEE_UC UCSC,36.61715,-121.8957,36.62,-121.9,0.4977002838311556,0.05
MALPASO UCSC,36.46575,-121.934,36.47,-121.94,0.7149808215922909,0.05
MATLAHUAYL VRG,32.85116,-117.2702,32.85,-117.28,0.9244962084118052,0.05
MONASTERY_DC UCSC,36.52542,-121.9333,36.53,-121.93,0.5884765389581005,0.05
MONTANA_DE_ORO UCSC,35.23323,-120.8908,35.23,-120.89,0.3664364952437849,0.05
MacKerricher North,39.4928,-123.802,39.49,-123.81,0.7537953554521817,0.05
Mendocino Headlands,39.30528,-123.811,39.3,-123.81,0.5933816193275327,0.05
Monument,38.9277,-123.735,38.93,-123.74,0.5024646531406397,0.05
NAPLES_CEN UCSB,34.42185,-119.9515,34.42,-119.95,0.247482416921891,0.05
NAPLES_E UCSB,34.42333,-119.951,34.42,-119.95,0.3814714064583209,0.05
NAPLES_W UCSB,34.42463,-119.9553,34.42,-119.96,0.6714932796852718,0.05
NICHOLAS_CANYON_W VRG,34.03996,-118.9243,34.04,-118.92,0.3962333680082555,0.05
NORTH_SAN_SIMEON UCSC,35.63504,-121.2116,35.64,-121.21,0.570166398107787,0.05
OTTER_PT_DC UCSC,36.63648,-121.9212,36.64,-121.92,0.4057871338834966,0.05
OTTER_PT_UC UCSC,36.63463,-121.9189,36.64,-121.92,0.6051302231582113,0.05
Ocean Cove,38.555119,-123.305664,38.55,-123.31,0.6827635209802866,0.05
PARANOIDS UCSC,35.53717,-121.1002,35.54,-121.1,0.3152019833295039,0.05
PESCADERO_DC UCSC,36.55941,-121.9552,36.56,-121.96,0.4337072130254313,0.05
PESCADERO_UC UCSC,36.56112,-121.9598,36.56,-121.96,0.1258130438470643,0.05
PICO_CREEK_DC UCSC,35.60532,-121.1507,35.61,-121.15,0.524226644668991,0.05
PICO_CREEK_UC UCSC,35.61252,-121.1557,35.61,-121.16,0.479188954032986,0.05
PINNACLES_IN UCSC,36.55948,-121.9661,36.56,-121.97,0.3530985038158468,0.05
PINNACLES_OUT UCSC,36.55794,-121.9677,36.56,-121.97,0.3076853434842213,0.05
PINOS UCSC,36.64045,-121.9287,36.64,-121.93,0.1263224948419202,0.05
POINT_DUME UCSB,33.99884,-118.8066,34.0,-118.81,0.3389341070636781,0.05
POINT_FERMIN VRG,33.70732,-118.3002,33.7,-118.3,0.8141582247938633,0.05
POINT_LOMA_CEN VRG,32.7121,-117.263,32.71,-117.26,0.3651143455046597,0.05
POINT_LOMA_S VRG,32.67412,-117.26,32.67,-117.26,0.4581237305621214,0.05
POINT_VICENTE_W VRG,33.73974,-118.4137,33.74,-118.41,0.3433444823371299,0.05
PT_JOE UCSC,36.60509,-121.9715,36.61,-121.97,0.5621455938694889,0.05
PURISIMA_N UCSC,34.7295,-120.6317,34.73,-120.63,0.1650041426031307,0.05
PURISIMA_S UCSC,34.72695,-120.6271,34.73,-120.63,0.4304137496916889,0.05
Pebble Beach,38.69121,-123.442,38.69,-123.44,0.2196215872794337,0.05
Point Arena Lighthouse,38.9512,-123.744,38.95,-123.74,0.3707448861623302,0.05
Point Arena MPA (M2),38.9448,-123.741,38.94,-123.74,0.540697885621162,0.05
Point Arena Ref,38.908,-123.719,38.91,-123.72,0.2386296386710654,0.05
Portuguese Beach,39.30323,-123.803,39.3,-123.8,0.4423008391665926,0.05
RADAR UCSC,35.51222,-121.0734,35.51,-121.07,0.394516389418771,0.05
RESORT_POINT VRG,33.76648,-118.4275,33.77,-118.43,0.4545342508441505,0.05
RIDGES_N VRG,33.78848,-118.4232,33.79,-118.42,0.340613929417126,0.05
RIDGES_S VRG,33.78575,-118.4258,33.79,-118.43,0.6115425310145558,0.05
ROCKY_POINT_N VRG,33.78093,-118.43,33.78,-118.43,0.103411424616534,0.05
ROCKY_POINT_S VRG,33.77602,-118.4323,33.78,-118.43,0.4909638416090128,0.05
Russian Gulch,39.32798,-123.809,39.32,-123.81,0.8914962367166659,0.05
SABER_JETS UCSC,36.94802,-122.034,36.95,-122.03,0.4181169057841594,0.05
SANDHILL_UC UCSC,36.974306,-122.152109,36.97,-122.15,0.5141573855663708,0.05
SAN_SIMEON_BAY UCSC,35.62405,-121.1647,35.62,-121.16,0.6190968707612883,0.05
SAN_SIMEON_DC UCSC,35.631667,-121.190248,35.63,-121.19,0.1867123996216956,0.05
SAN_SIMEON_UC UCSC,35.630567,-121.19494,35.63,-121.19,0.4508997942034998,0.05
SBI_ARCH_POINT VRG,33.48911,-119.0279,33.49,-119.03,0.218446749956532,0.05
SBI_CAT_CANYON VRG,33.46442,-119.0441,33.46,-119.04,0.6214571381313254,0.05
SBI_GRAVEYARD_CANYON VRG,33.47471,-119.0268,33.47,-119.03,0.6019875144935907,0.05
SBI_SOUTHEAST_REEF VRG,33.46293,-119.0313,33.46,-119.03,0.3474043563508815,0.05
SBI_SOUTHEAST_SEALION VRG,33.46878,-119.0288,33.47,-119.03,0.1754781820771372,0.05
SBI_SUTIL VRG,33.46585,-119.0482,33.47,-119.05,0.4907364507759292,0.05
SCAI_BIRD_ROCK VRG,33.45217,-118.4877,33.45,-118.49,0.3221116220904875,0.05
SCAI_INDIAN_HEAD VRG,33.37996,-118.4821,33.38,-118.48,0.1950406721177297,0.05
SCI_CAVERN_POINT_W UCSB,34.05275,-119.5713,34.05,-119.57,0.3284047827106476,0.05
SCI_COCHE_POINT_E UCSB,34.04493,-119.6014,34.04,-119.6,0.5631640264290086,0.05
SCI_FORNEY_E UCSB,34.05148,-119.9097,34.05,-119.91,0.1668735274574277,0.05
SCI_FORNEY_W UCSB,34.05388,-119.9182,34.05,-119.92,0.4622097198010214,0.05
SCI_GULL_ISLE_E UCSB,33.94647,-119.8232,33.95,-119.82,0.4911181003110947,0.05
SCI_HAZARDS_CEN UCSB,34.05658,-119.8212,34.06,-119.82,0.3960287030494389,0.05
SCI_HAZARDS_W UCSB,34.0581,-119.8248,34.06,-119.82,0.4900593435469746,0.05
SCI_POTATO_PASTURE_E UCSB,34.05098,-119.5759,34.05,-119.58,0.3931375762209345,0.05
SCI_SCORPION_E UCSB,34.04847,-119.5464,34.05,-119.55,0.3727610269508805,0.05
SCI_SCORPION_W UCSB,34.0525,-119.5553,34.05,-119.56,0.5145606000119147,0.05
SCI_VALLEY_E UCSB,33.98355,-119.6203,33.98,-119.62,0.3957105279886195,0.05
SCI_VALLEY_W UCSB,33.9817,-119.6637,33.98,-119.66,0.3900304983198168,0.05
SCI_YELLOWBANKS_CEN UCSB,33.98853,-119.547,33.99,-119.55,0.3212786108722216,0.05
SCI_YELLOWBANKS_W UCSB,33.9893,-119.5649,33.99,-119.56,0.4584174564791256,0.05
SIREN UCSC,36.63073,-121.9186,36.63,-121.91,0.7716951884666189,0.05
SMI_CROOK_POINT_E UCSB,34.01587,-120.3305,34.02,-120.33,0.4615420107761228,0.05
SMI_CROOK_POINT_W UCSB,34.01385,-120.3373,34.01,-120.34,0.4951807215157824,0.05
SMI_CUYLER_E UCSB,34.05172,-120.3462,34.05,-120.35,0.3989280713079223,0.05
SMI_CUYLER_W UCSB,34.05705,-120.3526,34.06,-120.35,0.4061630020660552,0.05
SMI_HARRIS_PT_RESERVE_E UCSB,34.05278,-120.3374,34.05,-120.34,0.3910676834234222,0.05
SMI_HARRIS_PT_RESERVE_W UCSB,34.06368,-120.356,34.06,-120.36,0.5506484813191387,0.05
SMI_TYLER_BIGHT_E UCSB,34.02547,-120.4067,34.03,-120.41,0.58839687884433,0.05
SMI_TYLER_BIGHT_W UCSB,34.02729,-120.4117,34.03,-120.41,0.3396289242708818,0.05
SNI_BOILERS VRG,33.276,-119.6069,33.28,-119.61,0.5299782141686793,0.05
SOUTH_LA_JOLLA VRG,32.81593,-117.2837,32.82,-117.28,0.5695282421644411,0.05
SOUTH_WRECK_DC UCSC,36.22386,-121.7874,36.22,-121.79,0.488488778789305,0.05
SOUTH_WRECK_UC UCSC,36.2253,-121.7905,36.23,-121.79,0.5245377461133602,0.05
SPANISH_BAY_DC UCSC,36.61666,-121.9546,36.62,-121.95,0.5536027194850328,0.05
SPANISH_BAY_UC UCSC,36.61881,-121.9538,36.62,-121.95,0.3640382796478962,0.05
SRI_CLUSTER_POINT_N UCSB,33.93167,-120.1974,33.93,-120.2,0.3033534005485343,0.05
SRI_CLUSTER_POINT_S UCSB,33.92383,-120.192,33.92,-120.19,0.4641401036528959,0.05
SRI_JOHNSONS_LEE_NORTH_E UCSB,33.90295,-120.0992,33.9,-120.1,0.3362321866099032,0.05
SRI_JOHNSONS_LEE_NORTH_W UCSB,33.9009,-120.0991,33.9,-120.1,0.1300564025366399,0.05
SRI_JOHNSONS_LEE_SOUTH_E UCSB,33.89743,-120.1004,33.9,-120.1,0.2881461384535813,0.05
SRI_JOHNSONS_LEE_SOUTH_W UCSB,33.89513,-120.1043,33.9,-120.1,0.6713804395989339,0.05
SRI_SOUTH_POINT_E UCSB,33.89157,-120.1192,33.89,-120.12,0.1895510654526697,0.05
SRI_SOUTH_POINT_W UCSB,33.89417,-120.1249,33.89,-120.12,0.6477335274318045,0.05
STILLWATER_DC UCSC,36.55973,-121.944,36.56,-121.94,0.3585223495461279,0.05
STILLWATER_UC UCSC,36.56012,-121.9473,36.56,-121.95,0.2415208523435834,0.05
STOCKTON UCSC,36.94623,-122.05,36.94,-122.05,0.6927453498552687,0.05
Salt Point,38.5649,-123.329,38.56,-123.33,0.5517496434308654,0.05
Stillwater Sonoma,38.540298,-123.288803,38.54,-123.29,0.109253679514238,0.05
Stornetta,38.93724,-123.732,38.94,-123.74,0.7569259313190313,0.05
TENERA UCSC,35.23863,-120.8955,35.24,-120.9,0.43615203959425,0.05
TERRACE_DC UCSC,36.944871,-122.064289,36.94,-122.06,0.6623103125721596,0.05
Timber Cove,38.5306,-123.277,38.53,-123.28,0.269350238188307,0.05
Trinidad,41.055,-124.14,41.05,-124.14,0.5559754011683372,0.05
UNDERWATER_ARCH VRG,33.75146,-118.4171,33.75,-118.42,0.3134377059032436,0.05
Van Damme,39.271915,-123.795914,39.27,-123.8,0.4111693013781872,0.05
WESTON_DC UCSC,36.51035,-121.9458,36.51,-121.95,0.3773794998973359,0.05
WESTON_UC UCSC,36.51261,-121.9488,36.51,-121.95,0.3094009031879615,0.05
WHITES_POINT VRG,33.71588,-118.3253,33.72,-118.33,0.631540634246658,0.05
WHITE_ROCK_UC UCSC,35.5271,-121.0898995,35.53,-121.09,0.3225939558592496,0.05
