protocol,repeat,domain,model_family,feature_set,n,events,prevalence,pooled_ap,pooled_ap_lift,macro_within_year_ap_lift,estimable_years,brier,log_loss
random_cell_year_cv,0,full_oisst_domain,logistic,current_only,2614,1008,0.3856159143075746,0.5732798206113916,0.18766390630381702,0.17751309133663434,20,0.2154177787212957,0.6265147903482207
random_cell_year_cv,0,full_oisst_domain,logistic,current_plus_trajectory,2614,1008,0.3856159143075746,0.5862824212769394,0.20066650696936483,0.2038808182490155,20,0.21040749067931883,0.6127162668029971
random_cell_year_cv,0,full_oisst_domain,logistic,trajectory_plus_oisst,2614,1008,0.3856159143075746,0.5807355004414763,0.19511958613390168,0.19024773979248208,20,0.20963764265532106,0.6107825240249639
random_cell_year_cv,1,full_oisst_domain,logistic,current_only,2614,1008,0.3856159143075746,0.5720563498220324,0.18644043551445777,0.17710750049414145,20,0.21556444968124988,0.6268994491892813
random_cell_year_cv,1,full_oisst_domain,logistic,current_plus_trajectory,2614,1008,0.3856159143075746,0.5853027330196712,0.1996868187120966,0.20653614481790844,20,0.21044755729086803,0.6130471060832242
random_cell_year_cv,1,full_oisst_domain,logistic,trajectory_plus_oisst,2614,1008,0.3856159143075746,0.5805385081961759,0.19492259388860134,0.1913535104295398,20,0.20974263682725788,0.6111721699103417
random_cell_year_cv,2,full_oisst_domain,logistic,current_only,2614,1008,0.3856159143075746,0.5716390892583425,0.18602317495076792,0.17404259157042506,20,0.21557817268040458,0.6269841927065974
random_cell_year_cv,2,full_oisst_domain,logistic,current_plus_trajectory,2614,1008,0.3856159143075746,0.5849777108679419,0.19936179656036734,0.2054901197131783,20,0.2105989348181552,0.6133581081388857
random_cell_year_cv,2,full_oisst_domain,logistic,trajectory_plus_oisst,2614,1008,0.3856159143075746,0.5806687663034917,0.19505285199591715,0.1919572338764462,20,0.20987466259671494,0.6114907218176185
random_cell_year_cv,3,full_oisst_domain,logistic,current_only,2614,1008,0.3856159143075746,0.5722441874995328,0.18662827319195818,0.17493349169173375,20,0.21556356638622717,0.6268352436537652
random_cell_year_cv,3,full_oisst_domain,logistic,current_plus_trajectory,2614,1008,0.3856159143075746,0.5832407385649334,0.19762482425735883,0.2026462429608391,20,0.2107676128407116,0.6135129446936601
random_cell_year_cv,3,full_oisst_domain,logistic,trajectory_plus_oisst,2614,1008,0.3856159143075746,0.5783130407716529,0.19269712646407833,0.18825282997795795,20,0.21016332550478342,0.6118621279229087
random_cell_year_cv,4,full_oisst_domain,logistic,current_only,2614,1008,0.3856159143075746,0.5733437581704977,0.18772784386292307,0.17675093869710107,20,0.21537658061217707,0.6263277270045531
random_cell_year_cv,4,full_oisst_domain,logistic,current_plus_trajectory,2614,1008,0.3856159143075746,0.5851212457163353,0.1995053314087607,0.20573104593362132,20,0.21047132941608698,0.6128535331961705
random_cell_year_cv,4,full_oisst_domain,logistic,trajectory_plus_oisst,2614,1008,0.3856159143075746,0.5812882063916734,0.19567229208409886,0.18968292723041696,20,0.209601674786701,0.6106930174768157
random_cell_year_cv,5,full_oisst_domain,logistic,current_only,2614,1008,0.3856159143075746,0.5733964416002788,0.18778052729270422,0.17636052984830147,20,0.21539024893770156,0.6263120074831704
random_cell_year_cv,5,full_oisst_domain,logistic,current_plus_trajectory,2614,1008,0.3856159143075746,0.5860414229946728,0.2004255086870982,0.2056188879883126,20,0.21043192574061012,0.6126496448268784
random_cell_year_cv,5,full_oisst_domain,logistic,trajectory_plus_oisst,2614,1008,0.3856159143075746,0.5817655545263116,0.19614964021873704,0.1937775753717085,20,0.20963689298413601,0.6106138852552622
random_cell_year_cv,6,full_oisst_domain,logistic,current_only,2614,1008,0.3856159143075746,0.5716561242508997,0.18604020994332515,0.17487227642186695,20,0.2156388413240913,0.6271652287815892
random_cell_year_cv,6,full_oisst_domain,logistic,current_plus_trajectory,2614,1008,0.3856159143075746,0.585982337256854,0.20036642294927942,0.20452965417010752,20,0.21032018569252853,0.6127865652587734
random_cell_year_cv,6,full_oisst_domain,logistic,trajectory_plus_oisst,2614,1008,0.3856159143075746,0.5821571805276948,0.19654126622012025,0.19282147378666717,20,0.20924193754676884,0.6100537764513317
random_cell_year_cv,7,full_oisst_domain,logistic,current_only,2614,1008,0.3856159143075746,0.573385268260612,0.1877693539530374,0.1764320081821517,20,0.2153994506473957,0.6264082533817957
random_cell_year_cv,7,full_oisst_domain,logistic,current_plus_trajectory,2614,1008,0.3856159143075746,0.5864282479773928,0.2008123336698182,0.20702322834466536,20,0.21038169249455296,0.6126801301473822
random_cell_year_cv,7,full_oisst_domain,logistic,trajectory_plus_oisst,2614,1008,0.3856159143075746,0.5818892670433717,0.19627335273579716,0.1944742502719816,20,0.20954692438342357,0.6104640758569757
random_cell_year_cv,8,full_oisst_domain,logistic,current_only,2614,1008,0.3856159143075746,0.5728386618802696,0.18722274757269497,0.17656954482215076,20,0.21542501020437033,0.6266243588661682
random_cell_year_cv,8,full_oisst_domain,logistic,current_plus_trajectory,2614,1008,0.3856159143075746,0.5862945843924094,0.20067867008483486,0.20536197776412374,20,0.2101762122700747,0.6123507970333998
random_cell_year_cv,8,full_oisst_domain,logistic,trajectory_plus_oisst,2614,1008,0.3856159143075746,0.5815633305800807,0.19594741627250611,0.19134933816742813,20,0.20935472251806736,0.6102700340124366
random_cell_year_cv,9,full_oisst_domain,logistic,current_only,2614,1008,0.3856159143075746,0.572336676629116,0.18672076232154144,0.17624955006758364,20,0.21552378014276083,0.6267171366013696
random_cell_year_cv,9,full_oisst_domain,logistic,current_plus_trajectory,2614,1008,0.3856159143075746,0.5852593318225481,0.1996434175149735,0.20383799642418907,20,0.21062563251710775,0.6131358297411638
random_cell_year_cv,9,full_oisst_domain,logistic,trajectory_plus_oisst,2614,1008,0.3856159143075746,0.5802826829732354,0.1946667686656608,0.19225414462815474,20,0.20975701586184842,0.6108209807793232
random_cell_year_cv,10,full_oisst_domain,logistic,current_only,2614,1008,0.3856159143075746,0.5723299476788151,0.18671403337124048,0.17646895596890294,20,0.21557686220897085,0.6268085592076922
random_cell_year_cv,10,full_oisst_domain,logistic,current_plus_trajectory,2614,1008,0.3856159143075746,0.5853105448406832,0.19969463053310865,0.20462877614322386,20,0.2104806062096342,0.6127890204117812
random_cell_year_cv,10,full_oisst_domain,logistic,trajectory_plus_oisst,2614,1008,0.3856159143075746,0.5807150955351843,0.19509918122760972,0.19068076258178346,20,0.20968027355288812,0.6106116816805929
random_cell_year_cv,11,full_oisst_domain,logistic,current_only,2614,1008,0.3856159143075746,0.5731284517740092,0.1875125374664346,0.1762844025083469,20,0.21543097772279032,0.6264331266496472
random_cell_year_cv,11,full_oisst_domain,logistic,current_plus_trajectory,2614,1008,0.3856159143075746,0.5870208681630005,0.2014049538554259,0.20650971827607806,20,0.21012691956596152,0.6119121019910405
random_cell_year_cv,11,full_oisst_domain,logistic,trajectory_plus_oisst,2614,1008,0.3856159143075746,0.582855645381749,0.19723973107417447,0.1914318633324609,20,0.20922325730365243,0.6095350443309473
random_cell_year_cv,12,full_oisst_domain,logistic,current_only,2614,1008,0.3856159143075746,0.5724679025514962,0.18685198824392157,0.17539635486283428,20,0.21547958489893476,0.6266501084811701
random_cell_year_cv,12,full_oisst_domain,logistic,current_plus_trajectory,2614,1008,0.3856159143075746,0.5852087143783393,0.19959280007076474,0.20375293706564085,20,0.21037269757309868,0.6126577390654736
random_cell_year_cv,12,full_oisst_domain,logistic,trajectory_plus_oisst,2614,1008,0.3856159143075746,0.5808854592919572,0.19526954498438265,0.18964033610071798,20,0.20969560230493692,0.6108451049526817
random_cell_year_cv,13,full_oisst_domain,logistic,current_only,2614,1008,0.3856159143075746,0.5710339129524117,0.1854179986448371,0.17709482742094948,20,0.21579308344390846,0.627752121798151
random_cell_year_cv,13,full_oisst_domain,logistic,current_plus_trajectory,2614,1008,0.3856159143075746,0.5841770335867598,0.19856111927918518,0.20540511833626995,20,0.2107398794684411,0.6137189661951066
random_cell_year_cv,13,full_oisst_domain,logistic,trajectory_plus_oisst,2614,1008,0.3856159143075746,0.5791202772087786,0.19350436290120399,0.18988847855179086,20,0.2099708838110384,0.611764490233903
random_cell_year_cv,14,full_oisst_domain,logistic,current_only,2614,1008,0.3856159143075746,0.5726282970312759,0.18701238272370135,0.17632504689611936,20,0.21548803950554413,0.6267008965442226
random_cell_year_cv,14,full_oisst_domain,logistic,current_plus_trajectory,2614,1008,0.3856159143075746,0.5850449394823283,0.1994290251747537,0.20595469434890007,20,0.21058785253248782,0.612875904885002
random_cell_year_cv,14,full_oisst_domain,logistic,trajectory_plus_oisst,2614,1008,0.3856159143075746,0.5784595404622843,0.19284362615470974,0.19040590964571086,20,0.2101573548481649,0.6116874306249349
random_cell_year_cv,15,full_oisst_domain,logistic,current_only,2614,1008,0.3856159143075746,0.5721880603449312,0.1865721460373566,0.17548644711170583,20,0.21555127368080412,0.6268591325978349
random_cell_year_cv,15,full_oisst_domain,logistic,current_plus_trajectory,2614,1008,0.3856159143075746,0.5871416383367123,0.2015257240291377,0.20698627689715782,20,0.21019608546563276,0.6121589436497378
random_cell_year_cv,15,full_oisst_domain,logistic,trajectory_plus_oisst,2614,1008,0.3856159143075746,0.5816674307409968,0.19605151643342222,0.1935233979651256,20,0.20961658708656494,0.6104884526159065
random_cell_year_cv,16,full_oisst_domain,logistic,current_only,2614,1008,0.3856159143075746,0.5728198137429028,0.18720389943532822,0.1755128921842021,20,0.2154057346369611,0.6264747039746321
random_cell_year_cv,16,full_oisst_domain,logistic,current_plus_trajectory,2614,1008,0.3856159143075746,0.585491188510786,0.19987527420321138,0.20597996788902267,20,0.21031511157137253,0.6126004566562469
random_cell_year_cv,16,full_oisst_domain,logistic,trajectory_plus_oisst,2614,1008,0.3856159143075746,0.5807112139992293,0.19509529969165473,0.19154209555313828,20,0.20950740630914935,0.6104860448209045
random_cell_year_cv,17,full_oisst_domain,logistic,current_only,2614,1008,0.3856159143075746,0.5730955661196319,0.18747965181205728,0.1762299933150534,20,0.21541454637257335,0.6264370504182158
random_cell_year_cv,17,full_oisst_domain,logistic,current_plus_trajectory,2614,1008,0.3856159143075746,0.5849259966502076,0.19931008234263303,0.2054961327498936,20,0.21058648049273812,0.6129362667290192
random_cell_year_cv,17,full_oisst_domain,logistic,trajectory_plus_oisst,2614,1008,0.3856159143075746,0.5795510926592626,0.19393517835168805,0.1894005883256778,20,0.21005250095094333,0.6113502879592898
random_cell_year_cv,18,full_oisst_domain,logistic,current_only,2614,1008,0.3856159143075746,0.5730661832784989,0.18745026897092432,0.17579157141072163,20,0.21541304487841398,0.6263892543168256
random_cell_year_cv,18,full_oisst_domain,logistic,current_plus_trajectory,2614,1008,0.3856159143075746,0.584973085312173,0.19935717100459838,0.2040731219259008,20,0.2104277451354232,0.6126523108168822
random_cell_year_cv,18,full_oisst_domain,logistic,trajectory_plus_oisst,2614,1008,0.3856159143075746,0.5786338793999535,0.1930179650923789,0.1877956528453965,20,0.21015813378018772,0.6117293150804936
random_cell_year_cv,19,full_oisst_domain,logistic,current_only,2614,1008,0.3856159143075746,0.5725793595959132,0.18696344528833864,0.1760594669902457,20,0.21544473766402358,0.626535387426239
random_cell_year_cv,19,full_oisst_domain,logistic,current_plus_trajectory,2614,1008,0.3856159143075746,0.5865651327325414,0.20094921842496682,0.20570101259298315,20,0.2102163516835453,0.6121987743282028
random_cell_year_cv,19,full_oisst_domain,logistic,trajectory_plus_oisst,2614,1008,0.3856159143075746,0.5812610386625287,0.19564512435495407,0.19199333792533577,20,0.20953316093146404,0.6102674117161211
random_cell_year_cv,0,upwelling_supported_domain,logistic,current_only,1698,661,0.38928150765606595,0.5626658500208707,0.1733843423648047,0.16102913706094585,20,0.21762271137614606,0.6302945463744047
random_cell_year_cv,0,upwelling_supported_domain,logistic,current_plus_trajectory,1698,661,0.38928150765606595,0.5701874499954861,0.18090594233942014,0.1896090872234868,20,0.21432418395464542,0.6210749626693676
random_cell_year_cv,0,upwelling_supported_domain,logistic,trajectory_plus_oisst,1698,661,0.38928150765606595,0.5700178173860495,0.18073630972998356,0.1831028350346488,20,0.21297752170738238,0.6176901544933545
random_cell_year_cv,0,upwelling_supported_domain,logistic,trajectory_plus_oisst_cuti_beuti,1698,661,0.38928150765606595,0.5804455412192209,0.19116403356315492,0.17772426683780435,20,0.2106328314658047,0.6124671360216382
random_cell_year_cv,1,upwelling_supported_domain,logistic,current_only,1698,661,0.38928150765606595,0.5647970773328163,0.1755155696767503,0.15549344651177163,20,0.21753146666838755,0.6301057202317984
random_cell_year_cv,1,upwelling_supported_domain,logistic,current_plus_trajectory,1698,661,0.38928150765606595,0.5717512021476845,0.18246969449161854,0.19639185719577576,20,0.21430250265404907,0.6214427119060166
random_cell_year_cv,1,upwelling_supported_domain,logistic,trajectory_plus_oisst,1698,661,0.38928150765606595,0.5683155953372202,0.17903408768115425,0.18212358888967348,20,0.21348500930138717,0.6191974580749451
random_cell_year_cv,1,upwelling_supported_domain,logistic,trajectory_plus_oisst_cuti_beuti,1698,661,0.38928150765606595,0.5802847015052268,0.19100319384916087,0.1738455508844813,20,0.21107365789344731,0.613943481979997
random_cell_year_cv,2,upwelling_supported_domain,logistic,current_only,1698,661,0.38928150765606595,0.5657013238582251,0.17641981620215919,0.15892418113643678,20,0.2173100979845588,0.6292682189614127
random_cell_year_cv,2,upwelling_supported_domain,logistic,current_plus_trajectory,1698,661,0.38928150765606595,0.5727236205534768,0.18344211289741086,0.18711958998232361,20,0.21383151152092264,0.6195548986104621
random_cell_year_cv,2,upwelling_supported_domain,logistic,trajectory_plus_oisst,1698,661,0.38928150765606595,0.5738669019780447,0.18458539432197874,0.18988777071740656,20,0.21236587053746606,0.6158827600995844
random_cell_year_cv,2,upwelling_supported_domain,logistic,trajectory_plus_oisst_cuti_beuti,1698,661,0.38928150765606595,0.5844586775253886,0.19517716986932265,0.18199376366022363,20,0.21008554374514402,0.610710133138434
random_cell_year_cv,3,upwelling_supported_domain,logistic,current_only,1698,661,0.38928150765606595,0.5662028410864941,0.17692133343042815,0.16064273479441432,20,0.21723240448026912,0.6290981748439872
random_cell_year_cv,3,upwelling_supported_domain,logistic,current_plus_trajectory,1698,661,0.38928150765606595,0.5724389396691889,0.18315743201312296,0.18941856169190646,20,0.2140976945680302,0.6203955197281678
random_cell_year_cv,3,upwelling_supported_domain,logistic,trajectory_plus_oisst,1698,661,0.38928150765606595,0.5708179420752648,0.18153643441919887,0.1873924329106906,20,0.21315689929357357,0.6178899216241259
random_cell_year_cv,3,upwelling_supported_domain,logistic,trajectory_plus_oisst_cuti_beuti,1698,661,0.38928150765606595,0.5815116139534732,0.19223010629740722,0.1775463024709593,20,0.21080532862064372,0.6127704653071286
random_cell_year_cv,4,upwelling_supported_domain,logistic,current_only,1698,661,0.38928150765606595,0.5646086066975857,0.17532709904151977,0.16008216884131293,20,0.21740473186541268,0.6295276191385808
random_cell_year_cv,4,upwelling_supported_domain,logistic,current_plus_trajectory,1698,661,0.38928150765606595,0.5694426556146149,0.18016114795854898,0.18592182588812795,20,0.21463031722587042,0.6214563576659649
random_cell_year_cv,4,upwelling_supported_domain,logistic,trajectory_plus_oisst,1698,661,0.38928150765606595,0.5644184261929794,0.1751369185369135,0.1838563516714046,20,0.21419403264348208,0.6202565670801654
random_cell_year_cv,4,upwelling_supported_domain,logistic,trajectory_plus_oisst_cuti_beuti,1698,661,0.38928150765606595,0.5750641814423652,0.1857826737862992,0.17406356327674932,20,0.21168344556710156,0.6146010271753908
random_cell_year_cv,5,upwelling_supported_domain,logistic,current_only,1698,661,0.38928150765606595,0.5657079537352874,0.17642644607922142,0.16064225461783613,20,0.21726495063072893,0.6292785697298575
random_cell_year_cv,5,upwelling_supported_domain,logistic,current_plus_trajectory,1698,661,0.38928150765606595,0.5733591333393986,0.18407762568333264,0.18744658605695008,20,0.21377712896942547,0.6198399039367105
random_cell_year_cv,5,upwelling_supported_domain,logistic,trajectory_plus_oisst,1698,661,0.38928150765606595,0.5685350803583868,0.1792535727023209,0.18474796967740795,20,0.21323226070405848,0.6181820279873339
random_cell_year_cv,5,upwelling_supported_domain,logistic,trajectory_plus_oisst_cuti_beuti,1698,661,0.38928150765606595,0.5793366020162876,0.1900550943602216,0.1769565855948746,20,0.21137312639880376,0.6143368350473425
random_cell_year_cv,6,upwelling_supported_domain,logistic,current_only,1698,661,0.38928150765606595,0.5663868903749028,0.1771053827188368,0.1602695749541648,20,0.2172903473097738,0.6292268086234831
random_cell_year_cv,6,upwelling_supported_domain,logistic,current_plus_trajectory,1698,661,0.38928150765606595,0.5712407143529281,0.18195920669686216,0.18727978049795294,20,0.21434213669958083,0.6210146034703542
random_cell_year_cv,6,upwelling_supported_domain,logistic,trajectory_plus_oisst,1698,661,0.38928150765606595,0.5686368707533427,0.17935536309727673,0.18622525648903027,20,0.21322759646200834,0.6180954680101318
random_cell_year_cv,6,upwelling_supported_domain,logistic,trajectory_plus_oisst_cuti_beuti,1698,661,0.38928150765606595,0.5793896817396935,0.19010817408362757,0.1799524403691277,20,0.21120846020613993,0.6137983527772882
random_cell_year_cv,7,upwelling_supported_domain,logistic,current_only,1698,661,0.38928150765606595,0.5651795256668216,0.17589801801075566,0.1573575367933006,20,0.21749394289882648,0.6296016041162782
random_cell_year_cv,7,upwelling_supported_domain,logistic,current_plus_trajectory,1698,661,0.38928150765606595,0.5728029953966829,0.18352148774061694,0.1860181025003965,20,0.2141268557656877,0.6201544217926427
random_cell_year_cv,7,upwelling_supported_domain,logistic,trajectory_plus_oisst,1698,661,0.38928150765606595,0.5700195238572054,0.1807380162011395,0.18585822400485216,20,0.21329295028980175,0.6180341544735322
random_cell_year_cv,7,upwelling_supported_domain,logistic,trajectory_plus_oisst_cuti_beuti,1698,661,0.38928150765606595,0.5812117096041319,0.19193020194806598,0.17528525474560003,20,0.21085036112054129,0.6127815699554261
random_cell_year_cv,8,upwelling_supported_domain,logistic,current_only,1698,661,0.38928150765606595,0.5651382600814252,0.17585675242535925,0.16025034587598327,20,0.2173982984540212,0.629990626271432
random_cell_year_cv,8,upwelling_supported_domain,logistic,current_plus_trajectory,1698,661,0.38928150765606595,0.5707290388591133,0.18144753120304735,0.18627079764575122,20,0.2141762737385363,0.6214115572440849
random_cell_year_cv,8,upwelling_supported_domain,logistic,trajectory_plus_oisst,1698,661,0.38928150765606595,0.5696408444510809,0.18035933679501492,0.18472607638435104,20,0.21297959288280557,0.6185286857514419
random_cell_year_cv,8,upwelling_supported_domain,logistic,trajectory_plus_oisst_cuti_beuti,1698,661,0.38928150765606595,0.5796299305810907,0.19034842292502474,0.17106190570626187,20,0.21070137902629454,0.6131417462756176
random_cell_year_cv,9,upwelling_supported_domain,logistic,current_only,1698,661,0.38928150765606595,0.5668338833639492,0.1775523757078833,0.15955931064970685,20,0.2172035991688834,0.6289400144199906
random_cell_year_cv,9,upwelling_supported_domain,logistic,current_plus_trajectory,1698,661,0.38928150765606595,0.5725934595153744,0.1833119518593085,0.19639593612581666,20,0.21407657774821906,0.6202098832077984
random_cell_year_cv,9,upwelling_supported_domain,logistic,trajectory_plus_oisst,1698,661,0.38928150765606595,0.5725974806321608,0.1833159729760948,0.18557307775725546,20,0.21267429355129408,0.6166194919383099
random_cell_year_cv,9,upwelling_supported_domain,logistic,trajectory_plus_oisst_cuti_beuti,1698,661,0.38928150765606595,0.5818274329146645,0.1925459252585986,0.17681750811378016,20,0.2105525533093815,0.6117917995040513
random_cell_year_cv,10,upwelling_supported_domain,logistic,current_only,1698,661,0.38928150765606595,0.564978079104697,0.17569657144863104,0.1581530301003225,20,0.2174681922857996,0.6300125938868072
random_cell_year_cv,10,upwelling_supported_domain,logistic,current_plus_trajectory,1698,661,0.38928150765606595,0.5700591498873843,0.18077764223131831,0.1851718676367195,20,0.21414318798385384,0.6207325783802654
random_cell_year_cv,10,upwelling_supported_domain,logistic,trajectory_plus_oisst,1698,661,0.38928150765606595,0.568352298561601,0.17907079090553502,0.18399778758412633,20,0.21317079899084365,0.6181192766873217
random_cell_year_cv,10,upwelling_supported_domain,logistic,trajectory_plus_oisst_cuti_beuti,1698,661,0.38928150765606595,0.5801958428233316,0.19091433516726564,0.17429079692183366,20,0.21040795721493438,0.6119453097541673
random_cell_year_cv,11,upwelling_supported_domain,logistic,current_only,1698,661,0.38928150765606595,0.5654515767189552,0.17617006906288923,0.1580480183213861,20,0.21741426551435525,0.6292312577297271
random_cell_year_cv,11,upwelling_supported_domain,logistic,current_plus_trajectory,1698,661,0.38928150765606595,0.570901791983782,0.18162028432771604,0.1879849708372245,20,0.21461439305741373,0.6213508398828194
random_cell_year_cv,11,upwelling_supported_domain,logistic,trajectory_plus_oisst,1698,661,0.38928150765606595,0.5704091128049993,0.18112760514893333,0.18774067914286058,20,0.2132523802928711,0.6178954375065672
random_cell_year_cv,11,upwelling_supported_domain,logistic,trajectory_plus_oisst_cuti_beuti,1698,661,0.38928150765606595,0.5812277409205802,0.1919462332645142,0.1680088295520002,20,0.21130668436855612,0.6137891051918312
random_cell_year_cv,12,upwelling_supported_domain,logistic,current_only,1698,661,0.38928150765606595,0.5660447664812173,0.17676325882515131,0.1603553602961535,20,0.21727900526394475,0.629097271803791
random_cell_year_cv,12,upwelling_supported_domain,logistic,current_plus_trajectory,1698,661,0.38928150765606595,0.5726562044056469,0.18337469674958096,0.18816924643114508,20,0.21384219458312537,0.6196655978298258
random_cell_year_cv,12,upwelling_supported_domain,logistic,trajectory_plus_oisst,1698,661,0.38928150765606595,0.5707685563817402,0.18148704872567423,0.18938619123473552,20,0.21283411954137338,0.6169577452155552
random_cell_year_cv,12,upwelling_supported_domain,logistic,trajectory_plus_oisst_cuti_beuti,1698,661,0.38928150765606595,0.5806890255953412,0.19140751793927524,0.17868841886921494,20,0.2106557816945126,0.6120174166841599
random_cell_year_cv,13,upwelling_supported_domain,logistic,current_only,1698,661,0.38928150765606595,0.5656850758700113,0.17640356821394532,0.16033724852151016,20,0.21734621339914076,0.6293476939274063
random_cell_year_cv,13,upwelling_supported_domain,logistic,current_plus_trajectory,1698,661,0.38928150765606595,0.5693983517751178,0.18011684411905182,0.1873434372096814,20,0.21457176558081512,0.6215369803280419
random_cell_year_cv,13,upwelling_supported_domain,logistic,trajectory_plus_oisst,1698,661,0.38928150765606595,0.5641153272414976,0.17483381958543165,0.18134269962405486,20,0.2141690153015177,0.6202249968959604
random_cell_year_cv,13,upwelling_supported_domain,logistic,trajectory_plus_oisst_cuti_beuti,1698,661,0.38928150765606595,0.5762029396245183,0.18692143196845235,0.17301938259030883,20,0.21188300397700535,0.615055707676944
random_cell_year_cv,14,upwelling_supported_domain,logistic,current_only,1698,661,0.38928150765606595,0.5657139369217175,0.1764324292656515,0.15833286185059717,20,0.21724426116850495,0.62925250612249
random_cell_year_cv,14,upwelling_supported_domain,logistic,current_plus_trajectory,1698,661,0.38928150765606595,0.5709686571110932,0.18168714945502729,0.1829673159946817,20,0.21453352349813887,0.6214398661132462
random_cell_year_cv,14,upwelling_supported_domain,logistic,trajectory_plus_oisst,1698,661,0.38928150765606595,0.5683993058723604,0.17911779821629448,0.18029590957340694,20,0.21348937025476877,0.618549989762781
random_cell_year_cv,14,upwelling_supported_domain,logistic,trajectory_plus_oisst_cuti_beuti,1698,661,0.38928150765606595,0.5794495507364438,0.19016804308037782,0.1739119876372289,20,0.2111204627369984,0.6134205316682513
random_cell_year_cv,15,upwelling_supported_domain,logistic,current_only,1698,661,0.38928150765606595,0.5650860205551754,0.17580451289910948,0.15885825892267005,20,0.21741359747337272,0.6293947027119768
random_cell_year_cv,15,upwelling_supported_domain,logistic,current_plus_trajectory,1698,661,0.38928150765606595,0.5699727315361143,0.18069122388004832,0.18517827197923387,20,0.214571430194331,0.6211193264002224
random_cell_year_cv,15,upwelling_supported_domain,logistic,trajectory_plus_oisst,1698,661,0.38928150765606595,0.5676390379169745,0.1783575302609085,0.18294043918735925,20,0.2136629406761841,0.6186991830216613
random_cell_year_cv,15,upwelling_supported_domain,logistic,trajectory_plus_oisst_cuti_beuti,1698,661,0.38928150765606595,0.5793537642848232,0.19007225662875726,0.17388654287835398,20,0.2111852365336996,0.6130788053770103
random_cell_year_cv,16,upwelling_supported_domain,logistic,current_only,1698,661,0.38928150765606595,0.5656951249069946,0.17641361725092863,0.1594342153982768,20,0.21737122750465473,0.6292706080793702
random_cell_year_cv,16,upwelling_supported_domain,logistic,current_plus_trajectory,1698,661,0.38928150765606595,0.5713939963559675,0.1821124886999016,0.18686014811122872,20,0.21430377980085497,0.6205734396780647
random_cell_year_cv,16,upwelling_supported_domain,logistic,trajectory_plus_oisst,1698,661,0.38928150765606595,0.5678379426498757,0.1785564349938098,0.1827827323829011,20,0.21352607920259495,0.6183880771971698
random_cell_year_cv,16,upwelling_supported_domain,logistic,trajectory_plus_oisst_cuti_beuti,1698,661,0.38928150765606595,0.5798269326581884,0.19054542500212246,0.17853842253473565,20,0.21124349708754703,0.6133263776149194
random_cell_year_cv,17,upwelling_supported_domain,logistic,current_only,1698,661,0.38928150765606595,0.5662678297487217,0.17698632209265575,0.16010144793182446,20,0.21729386488597505,0.6291547534719821
random_cell_year_cv,17,upwelling_supported_domain,logistic,current_plus_trajectory,1698,661,0.38928150765606595,0.572468129083555,0.1831866214274891,0.19931667825555927,20,0.21404813864517014,0.6201450274356878
random_cell_year_cv,17,upwelling_supported_domain,logistic,trajectory_plus_oisst,1698,661,0.38928150765606595,0.5706994066274569,0.18141789897139093,0.1851686013473191,20,0.21295583448451635,0.6172665840227097
random_cell_year_cv,17,upwelling_supported_domain,logistic,trajectory_plus_oisst_cuti_beuti,1698,661,0.38928150765606595,0.5817925799764998,0.19251107232043385,0.17683441129576843,20,0.21071400150472847,0.612083838032188
random_cell_year_cv,18,upwelling_supported_domain,logistic,current_only,1698,661,0.38928150765606595,0.5667154357610826,0.17743392810501668,0.15946127320887357,20,0.2172248428791392,0.6289731250468512
random_cell_year_cv,18,upwelling_supported_domain,logistic,current_plus_trajectory,1698,661,0.38928150765606595,0.5736837564447574,0.1844022487886915,0.19200824446367865,20,0.21391142086973677,0.6196361016959852
random_cell_year_cv,18,upwelling_supported_domain,logistic,trajectory_plus_oisst,1698,661,0.38928150765606595,0.5710781280216456,0.18179662036557964,0.1880984521972458,20,0.2130707988380271,0.6173132352967112
random_cell_year_cv,18,upwelling_supported_domain,logistic,trajectory_plus_oisst_cuti_beuti,1698,661,0.38928150765606595,0.5832773520217618,0.19399584436569584,0.1807352120766461,20,0.21081067211576202,0.6122711675250845
random_cell_year_cv,19,upwelling_supported_domain,logistic,current_only,1698,661,0.38928150765606595,0.5657849826874417,0.17650347503137576,0.16009183765802046,20,0.21727419073640736,0.6291792491553748
random_cell_year_cv,19,upwelling_supported_domain,logistic,current_plus_trajectory,1698,661,0.38928150765606595,0.5732450043131414,0.18396349665707545,0.18854326386267994,20,0.21371158251188688,0.619214387562909
random_cell_year_cv,19,upwelling_supported_domain,logistic,trajectory_plus_oisst,1698,661,0.38928150765606595,0.5725940894827106,0.18331258182664467,0.18597105751509702,20,0.2125845606047584,0.616274272086124
random_cell_year_cv,19,upwelling_supported_domain,logistic,trajectory_plus_oisst_cuti_beuti,1698,661,0.38928150765606595,0.5830475330234431,0.1937660253673772,0.18021478382086165,20,0.21029186838139544,0.6111382504443607
