domain,model_family,feature_set,protocol,year,n,events,prevalence,average_precision,ap_lift,estimable
full_oisst_domain,logistic,current_only,expanding_window,2005,312,186,0.5961538461538461,0.7532282215301022,0.15707437537625601,True
full_oisst_domain,logistic,current_only,expanding_window,2006,285,54,0.18947368421052632,0.4899706652912428,0.30049698108071643,True
full_oisst_domain,logistic,current_only,expanding_window,2007,328,94,0.2865853658536585,0.5210188203620262,0.23443345450836767,True
full_oisst_domain,logistic,current_only,expanding_window,2008,331,95,0.28700906344410876,0.5384706969029627,0.2514616334588539,True
full_oisst_domain,logistic,current_only,expanding_window,2009,341,163,0.4780058651026393,0.609486557590091,0.13148069248745164,True
full_oisst_domain,logistic,current_only,expanding_window,2010,328,162,0.49390243902439024,0.6951442413194684,0.20124180229507815,True
full_oisst_domain,logistic,current_only,expanding_window,2011,280,109,0.3892857142857143,0.5619632069634343,0.17267749267771998,True
full_oisst_domain,logistic,current_only,expanding_window,2012,290,63,0.21724137931034482,0.5550610181638209,0.3378196388534761,True
full_oisst_domain,logistic,current_only,expanding_window,2013,335,213,0.6358208955223881,0.7271014697098426,0.0912805741874545,True
full_oisst_domain,logistic,current_only,expanding_window,2014,293,116,0.39590443686006827,0.55182217458473,0.15591773772466178,True
full_oisst_domain,logistic,current_only,expanding_window,2015,253,123,0.48616600790513836,0.6258000580105372,0.1396340501053988,True
full_oisst_domain,logistic,current_only,expanding_window,2016,232,80,0.3448275862068966,0.57552183260255,0.2306942463956534,True
full_oisst_domain,logistic,current_only,expanding_window,2017,251,49,0.1952191235059761,0.2540533729398082,0.058834249433832086,True
full_oisst_domain,logistic,current_only,expanding_window,2018,277,208,0.7509025270758123,0.8273404208779148,0.07643789380210253,True
full_oisst_domain,logistic,current_only,expanding_window,2019,199,63,0.3165829145728643,0.4924772699228245,0.17589435534996017,True
full_oisst_domain,logistic,current_only,expanding_window,2020,239,90,0.37656903765690375,0.4096610681207919,0.033092030463888145,True
full_oisst_domain,logistic,current_only,expanding_window,2021,229,83,0.3624454148471616,0.4278879050529726,0.065442490205811,True
full_oisst_domain,logistic,current_only,expanding_window,2022,225,150,0.6666666666666666,0.8079922110440438,0.1413255443773772,True
full_oisst_domain,logistic,current_only,expanding_window,2023,179,32,0.1787709497206704,0.22964579585128578,0.05087484613061538,True
full_oisst_domain,logistic,current_only,expanding_window,2024,204,51,0.25,0.30336132098610713,0.05336132098610713,True
full_oisst_domain,logistic,current_plus_trajectory,expanding_window,2005,312,186,0.5961538461538461,0.7553507418147903,0.1591968956609442,True
full_oisst_domain,logistic,current_plus_trajectory,expanding_window,2006,285,54,0.18947368421052632,0.6303867099893798,0.4409130257788535,True
full_oisst_domain,logistic,current_plus_trajectory,expanding_window,2007,328,94,0.2865853658536585,0.5663947227396509,0.27980935688599234,True
full_oisst_domain,logistic,current_plus_trajectory,expanding_window,2008,331,95,0.28700906344410876,0.530072930304266,0.2430638668601573,True
full_oisst_domain,logistic,current_plus_trajectory,expanding_window,2009,341,163,0.4780058651026393,0.5833590398082877,0.10535317470564842,True
full_oisst_domain,logistic,current_plus_trajectory,expanding_window,2010,328,162,0.49390243902439024,0.7260404410540345,0.2321380020296443,True
full_oisst_domain,logistic,current_plus_trajectory,expanding_window,2011,280,109,0.3892857142857143,0.5387590323179088,0.1494733180321945,True
full_oisst_domain,logistic,current_plus_trajectory,expanding_window,2012,290,63,0.21724137931034482,0.5638883697864091,0.3466469904760643,True
full_oisst_domain,logistic,current_plus_trajectory,expanding_window,2013,335,213,0.6358208955223881,0.7444310704833642,0.10861017496097614,True
full_oisst_domain,logistic,current_plus_trajectory,expanding_window,2014,293,116,0.39590443686006827,0.5673440686275454,0.17143963176747712,True
full_oisst_domain,logistic,current_plus_trajectory,expanding_window,2015,253,123,0.48616600790513836,0.6232991198537692,0.13713311194863081,True
full_oisst_domain,logistic,current_plus_trajectory,expanding_window,2016,232,80,0.3448275862068966,0.6095232865762977,0.26469570036940115,True
full_oisst_domain,logistic,current_plus_trajectory,expanding_window,2017,251,49,0.1952191235059761,0.3067066760229076,0.11148755251693149,True
full_oisst_domain,logistic,current_plus_trajectory,expanding_window,2018,277,208,0.7509025270758123,0.8715168298630882,0.12061430278727592,True
full_oisst_domain,logistic,current_plus_trajectory,expanding_window,2019,199,63,0.3165829145728643,0.5575792316846392,0.24099631711177488,True
full_oisst_domain,logistic,current_plus_trajectory,expanding_window,2020,239,90,0.37656903765690375,0.47340190734896914,0.0968328696920654,True
full_oisst_domain,logistic,current_plus_trajectory,expanding_window,2021,229,83,0.3624454148471616,0.48824313890857785,0.12579772406141626,True
full_oisst_domain,logistic,current_plus_trajectory,expanding_window,2022,225,150,0.6666666666666666,0.8503786899418548,0.1837120232751882,True
full_oisst_domain,logistic,current_plus_trajectory,expanding_window,2023,179,32,0.1787709497206704,0.35036420937150403,0.17159325965083363,True
full_oisst_domain,logistic,current_plus_trajectory,expanding_window,2024,204,51,0.25,0.3789628832188265,0.12896288321882649,True
full_oisst_domain,logistic,trajectory_plus_oisst,expanding_window,2005,312,186,0.5961538461538461,0.7515910365500136,0.15543719039616744,True
full_oisst_domain,logistic,trajectory_plus_oisst,expanding_window,2006,285,54,0.18947368421052632,0.4821572759183248,0.29268359170779845,True
full_oisst_domain,logistic,trajectory_plus_oisst,expanding_window,2007,328,94,0.2865853658536585,0.5213112888205139,0.2347259229668554,True
full_oisst_domain,logistic,trajectory_plus_oisst,expanding_window,2008,331,95,0.28700906344410876,0.515764000806008,0.22875493736189928,True
full_oisst_domain,logistic,trajectory_plus_oisst,expanding_window,2009,341,163,0.4780058651026393,0.5397540010775269,0.0617481359748876,True
full_oisst_domain,logistic,trajectory_plus_oisst,expanding_window,2010,328,162,0.49390243902439024,0.6518052030916062,0.15790276406721593,True
full_oisst_domain,logistic,trajectory_plus_oisst,expanding_window,2011,280,109,0.3892857142857143,0.5832432983437273,0.19395758405801306,True
full_oisst_domain,logistic,trajectory_plus_oisst,expanding_window,2012,290,63,0.21724137931034482,0.5612104880352095,0.34396910872486464,True
full_oisst_domain,logistic,trajectory_plus_oisst,expanding_window,2013,335,213,0.6358208955223881,0.7126854065095263,0.0768645109871382,True
full_oisst_domain,logistic,trajectory_plus_oisst,expanding_window,2014,293,116,0.39590443686006827,0.5485139120261598,0.15260947516609158,True
full_oisst_domain,logistic,trajectory_plus_oisst,expanding_window,2015,253,123,0.48616600790513836,0.7118166786658049,0.22565067076066653,True
full_oisst_domain,logistic,trajectory_plus_oisst,expanding_window,2016,232,80,0.3448275862068966,0.5564105856941727,0.2115829994872761,True
full_oisst_domain,logistic,trajectory_plus_oisst,expanding_window,2017,251,49,0.1952191235059761,0.3102723594849375,0.11505323597896139,True
full_oisst_domain,logistic,trajectory_plus_oisst,expanding_window,2018,277,208,0.7509025270758123,0.8907921794360902,0.13988965236027795,True
full_oisst_domain,logistic,trajectory_plus_oisst,expanding_window,2019,199,63,0.3165829145728643,0.5060139785877089,0.1894310640148446,True
full_oisst_domain,logistic,trajectory_plus_oisst,expanding_window,2020,239,90,0.37656903765690375,0.4918710472627479,0.11530200960584414,True
full_oisst_domain,logistic,trajectory_plus_oisst,expanding_window,2021,229,83,0.3624454148471616,0.5183837416842836,0.155938326837122,True
full_oisst_domain,logistic,trajectory_plus_oisst,expanding_window,2022,225,150,0.6666666666666666,0.8084426382319456,0.141775971565279,True
full_oisst_domain,logistic,trajectory_plus_oisst,expanding_window,2023,179,32,0.1787709497206704,0.3424888680537345,0.16371791833306412,True
full_oisst_domain,logistic,trajectory_plus_oisst,expanding_window,2024,204,51,0.25,0.37091591648203437,0.12091591648203437,True
full_oisst_domain,random_forest,current_only,expanding_window,2005,312,186,0.5961538461538461,0.7455400357548783,0.14938618960103212,True
full_oisst_domain,random_forest,current_only,expanding_window,2006,285,54,0.18947368421052632,0.46596516671656785,0.2764914825060415,True
full_oisst_domain,random_forest,current_only,expanding_window,2007,328,94,0.2865853658536585,0.5327638530981857,0.24617848724452723,True
full_oisst_domain,random_forest,current_only,expanding_window,2008,331,95,0.28700906344410876,0.49931172427530274,0.21230266083119398,True
full_oisst_domain,random_forest,current_only,expanding_window,2009,341,163,0.4780058651026393,0.5921235459693164,0.11411768086667706,True
full_oisst_domain,random_forest,current_only,expanding_window,2010,328,162,0.49390243902439024,0.6844310010359813,0.19052856201159107,True
full_oisst_domain,random_forest,current_only,expanding_window,2011,280,109,0.3892857142857143,0.5762774540516841,0.18699173976596978,True
full_oisst_domain,random_forest,current_only,expanding_window,2012,290,63,0.21724137931034482,0.5927334737771996,0.37549209446685483,True
full_oisst_domain,random_forest,current_only,expanding_window,2013,335,213,0.6358208955223881,0.7306099717261156,0.09478907620372756,True
full_oisst_domain,random_forest,current_only,expanding_window,2014,293,116,0.39590443686006827,0.5812419151868431,0.18533747832677483,True
full_oisst_domain,random_forest,current_only,expanding_window,2015,253,123,0.48616600790513836,0.6203892005050409,0.1342231925999025,True
full_oisst_domain,random_forest,current_only,expanding_window,2016,232,80,0.3448275862068966,0.5732055509018419,0.2283779646949453,True
full_oisst_domain,random_forest,current_only,expanding_window,2017,251,49,0.1952191235059761,0.26157776993000503,0.06635864642402894,True
full_oisst_domain,random_forest,current_only,expanding_window,2018,277,208,0.7509025270758123,0.8064053464879828,0.0555028194121705,True
full_oisst_domain,random_forest,current_only,expanding_window,2019,199,63,0.3165829145728643,0.4941201528787247,0.17753723830586038,True
full_oisst_domain,random_forest,current_only,expanding_window,2020,239,90,0.37656903765690375,0.4115470068859911,0.03497796922908736,True
full_oisst_domain,random_forest,current_only,expanding_window,2021,229,83,0.3624454148471616,0.41777207832889623,0.05532666348173465,True
full_oisst_domain,random_forest,current_only,expanding_window,2022,225,150,0.6666666666666666,0.8095711801768657,0.14290451351019906,True
full_oisst_domain,random_forest,current_only,expanding_window,2023,179,32,0.1787709497206704,0.2505384283988625,0.07176747867819208,True
full_oisst_domain,random_forest,current_only,expanding_window,2024,204,51,0.25,0.28732312344610544,0.037323123446105444,True
full_oisst_domain,random_forest,current_plus_trajectory,expanding_window,2005,312,186,0.5961538461538461,0.7464046865407086,0.15025084038686243,True
full_oisst_domain,random_forest,current_plus_trajectory,expanding_window,2006,285,54,0.18947368421052632,0.5611012845915573,0.37162760038103093,True
full_oisst_domain,random_forest,current_plus_trajectory,expanding_window,2007,328,94,0.2865853658536585,0.5592624583891547,0.27267709253549616,True
full_oisst_domain,random_forest,current_plus_trajectory,expanding_window,2008,331,95,0.28700906344410876,0.5197434831941875,0.23273441975007875,True
full_oisst_domain,random_forest,current_plus_trajectory,expanding_window,2009,341,163,0.4780058651026393,0.6266743416699729,0.14866847656733362,True
full_oisst_domain,random_forest,current_plus_trajectory,expanding_window,2010,328,162,0.49390243902439024,0.7241753897062094,0.2302729506818192,True
full_oisst_domain,random_forest,current_plus_trajectory,expanding_window,2011,280,109,0.3892857142857143,0.574149120856259,0.18486340657054473,True
full_oisst_domain,random_forest,current_plus_trajectory,expanding_window,2012,290,63,0.21724137931034482,0.6051886942818824,0.38794731497153756,True
full_oisst_domain,random_forest,current_plus_trajectory,expanding_window,2013,335,213,0.6358208955223881,0.760218386408271,0.12439749088588292,True
full_oisst_domain,random_forest,current_plus_trajectory,expanding_window,2014,293,116,0.39590443686006827,0.5663242101685655,0.17041977330849722,True
full_oisst_domain,random_forest,current_plus_trajectory,expanding_window,2015,253,123,0.48616600790513836,0.6434534013913731,0.15728739348623472,True
full_oisst_domain,random_forest,current_plus_trajectory,expanding_window,2016,232,80,0.3448275862068966,0.60880929258003,0.26398170637313345,True
full_oisst_domain,random_forest,current_plus_trajectory,expanding_window,2017,251,49,0.1952191235059761,0.3534219423969413,0.1582028188909652,True
full_oisst_domain,random_forest,current_plus_trajectory,expanding_window,2018,277,208,0.7509025270758123,0.8661645949931964,0.11526206791738414,True
full_oisst_domain,random_forest,current_plus_trajectory,expanding_window,2019,199,63,0.3165829145728643,0.5095425671369467,0.19295965256408237,True
full_oisst_domain,random_forest,current_plus_trajectory,expanding_window,2020,239,90,0.37656903765690375,0.49598784997632966,0.11941881231942592,True
full_oisst_domain,random_forest,current_plus_trajectory,expanding_window,2021,229,83,0.3624454148471616,0.4872495885311623,0.12480417368400071,True
full_oisst_domain,random_forest,current_plus_trajectory,expanding_window,2022,225,150,0.6666666666666666,0.8501890189009536,0.18352235223428692,True
full_oisst_domain,random_forest,current_plus_trajectory,expanding_window,2023,179,32,0.1787709497206704,0.3584631768232929,0.17969222710262248,True
full_oisst_domain,random_forest,current_plus_trajectory,expanding_window,2024,204,51,0.25,0.35419549414964124,0.10419549414964124,True
full_oisst_domain,random_forest,trajectory_plus_oisst,expanding_window,2005,312,186,0.5961538461538461,0.7517302580239131,0.155576411870067,True
full_oisst_domain,random_forest,trajectory_plus_oisst,expanding_window,2006,285,54,0.18947368421052632,0.5634442185369563,0.3739705343264299,True
full_oisst_domain,random_forest,trajectory_plus_oisst,expanding_window,2007,328,94,0.2865853658536585,0.5556120155325234,0.26902664967886486,True
full_oisst_domain,random_forest,trajectory_plus_oisst,expanding_window,2008,331,95,0.28700906344410876,0.5410909189236366,0.25408185547952783,True
full_oisst_domain,random_forest,trajectory_plus_oisst,expanding_window,2009,341,163,0.4780058651026393,0.6224424573562509,0.1444365922536116,True
full_oisst_domain,random_forest,trajectory_plus_oisst,expanding_window,2010,328,162,0.49390243902439024,0.6832181823100538,0.18931574328566358,True
full_oisst_domain,random_forest,trajectory_plus_oisst,expanding_window,2011,280,109,0.3892857142857143,0.6208090990237926,0.23152338473807826,True
full_oisst_domain,random_forest,trajectory_plus_oisst,expanding_window,2012,290,63,0.21724137931034482,0.6356212539680349,0.4183798746576901,True
full_oisst_domain,random_forest,trajectory_plus_oisst,expanding_window,2013,335,213,0.6358208955223881,0.7653832963419274,0.1295624008195393,True
full_oisst_domain,random_forest,trajectory_plus_oisst,expanding_window,2014,293,116,0.39590443686006827,0.5190117510330918,0.12310731417302356,True
full_oisst_domain,random_forest,trajectory_plus_oisst,expanding_window,2015,253,123,0.48616600790513836,0.6621260550741301,0.17596004716899177,True
full_oisst_domain,random_forest,trajectory_plus_oisst,expanding_window,2016,232,80,0.3448275862068966,0.5760615149013849,0.23123392869448833,True
full_oisst_domain,random_forest,trajectory_plus_oisst,expanding_window,2017,251,49,0.1952191235059761,0.3416913736167959,0.14647225011081982,True
full_oisst_domain,random_forest,trajectory_plus_oisst,expanding_window,2018,277,208,0.7509025270758123,0.879153693195298,0.12825116611948573,True
full_oisst_domain,random_forest,trajectory_plus_oisst,expanding_window,2019,199,63,0.3165829145728643,0.5316217034256692,0.21503878885280486,True
full_oisst_domain,random_forest,trajectory_plus_oisst,expanding_window,2020,239,90,0.37656903765690375,0.5436843020512927,0.16711526439438895,True
full_oisst_domain,random_forest,trajectory_plus_oisst,expanding_window,2021,229,83,0.3624454148471616,0.4905842075866469,0.1281387927394853,True
full_oisst_domain,random_forest,trajectory_plus_oisst,expanding_window,2022,225,150,0.6666666666666666,0.788359666923603,0.12169300025693641,True
full_oisst_domain,random_forest,trajectory_plus_oisst,expanding_window,2023,179,32,0.1787709497206704,0.3778689028857337,0.19909795316506332,True
full_oisst_domain,random_forest,trajectory_plus_oisst,expanding_window,2024,204,51,0.25,0.36605492647769566,0.11605492647769566,True
full_oisst_domain,xgboost,current_only,expanding_window,2005,312,186,0.5961538461538461,0.7276970800855795,0.1315432339317334,True
full_oisst_domain,xgboost,current_only,expanding_window,2006,285,54,0.18947368421052632,0.4566620466001723,0.26718836238964594,True
full_oisst_domain,xgboost,current_only,expanding_window,2007,328,94,0.2865853658536585,0.5280301384252575,0.24144477257159896,True
full_oisst_domain,xgboost,current_only,expanding_window,2008,331,95,0.28700906344410876,0.5096051922285718,0.22259612878446305,True
full_oisst_domain,xgboost,current_only,expanding_window,2009,341,163,0.4780058651026393,0.597136514734485,0.11913064963184572,True
full_oisst_domain,xgboost,current_only,expanding_window,2010,328,162,0.49390243902439024,0.6841560678474562,0.19025362882306596,True
full_oisst_domain,xgboost,current_only,expanding_window,2011,280,109,0.3892857142857143,0.5627702271555853,0.17348451286987104,True
full_oisst_domain,xgboost,current_only,expanding_window,2012,290,63,0.21724137931034482,0.5440659127897849,0.32682453347944007,True
full_oisst_domain,xgboost,current_only,expanding_window,2013,335,213,0.6358208955223881,0.7240725452403172,0.08825164971792909,True
full_oisst_domain,xgboost,current_only,expanding_window,2014,293,116,0.39590443686006827,0.5696971434065887,0.17379270654652046,True
full_oisst_domain,xgboost,current_only,expanding_window,2015,253,123,0.48616600790513836,0.6131252361653604,0.12695922826022205,True
full_oisst_domain,xgboost,current_only,expanding_window,2016,232,80,0.3448275862068966,0.5660514266008261,0.2212238403939295,True
full_oisst_domain,xgboost,current_only,expanding_window,2017,251,49,0.1952191235059761,0.25795123638652384,0.06273211288054775,True
full_oisst_domain,xgboost,current_only,expanding_window,2018,277,208,0.7509025270758123,0.8034825630288753,0.05258003595306304,True
full_oisst_domain,xgboost,current_only,expanding_window,2019,199,63,0.3165829145728643,0.48292303739621856,0.16634012282335425,True
full_oisst_domain,xgboost,current_only,expanding_window,2020,239,90,0.37656903765690375,0.3981885881546294,0.021619550497725626,True
full_oisst_domain,xgboost,current_only,expanding_window,2021,229,83,0.3624454148471616,0.4320055227175643,0.06956010787040273,True
full_oisst_domain,xgboost,current_only,expanding_window,2022,225,150,0.6666666666666666,0.8114478451553293,0.14478117848866268,True
full_oisst_domain,xgboost,current_only,expanding_window,2023,179,32,0.1787709497206704,0.2436439180405601,0.0648729683198897,True
full_oisst_domain,xgboost,current_only,expanding_window,2024,204,51,0.25,0.27975236213677807,0.029752362136778066,True
full_oisst_domain,xgboost,current_plus_trajectory,expanding_window,2005,312,186,0.5961538461538461,0.7422203248181204,0.14606647866427425,True
full_oisst_domain,xgboost,current_plus_trajectory,expanding_window,2006,285,54,0.18947368421052632,0.4691052155091289,0.27963153129860263,True
full_oisst_domain,xgboost,current_plus_trajectory,expanding_window,2007,328,94,0.2865853658536585,0.5625691372053715,0.275983771351713,True
full_oisst_domain,xgboost,current_plus_trajectory,expanding_window,2008,331,95,0.28700906344410876,0.5001000861701331,0.21309102272602437,True
full_oisst_domain,xgboost,current_plus_trajectory,expanding_window,2009,341,163,0.4780058651026393,0.6173875339052501,0.13938166880261083,True
full_oisst_domain,xgboost,current_plus_trajectory,expanding_window,2010,328,162,0.49390243902439024,0.7333680570039003,0.23946561797951005,True
full_oisst_domain,xgboost,current_plus_trajectory,expanding_window,2011,280,109,0.3892857142857143,0.5557712804606776,0.1664855661749633,True
full_oisst_domain,xgboost,current_plus_trajectory,expanding_window,2012,290,63,0.21724137931034482,0.5551368665756815,0.3378954872653367,True
full_oisst_domain,xgboost,current_plus_trajectory,expanding_window,2013,335,213,0.6358208955223881,0.7442086674426136,0.10838777192022553,True
full_oisst_domain,xgboost,current_plus_trajectory,expanding_window,2014,293,116,0.39590443686006827,0.5836161314367184,0.18771169457665016,True
full_oisst_domain,xgboost,current_plus_trajectory,expanding_window,2015,253,123,0.48616600790513836,0.6256595922688503,0.1394935843637119,True
full_oisst_domain,xgboost,current_plus_trajectory,expanding_window,2016,232,80,0.3448275862068966,0.571099332757922,0.22627174655102544,True
full_oisst_domain,xgboost,current_plus_trajectory,expanding_window,2017,251,49,0.1952191235059761,0.33236694875361983,0.13714782524764374,True
full_oisst_domain,xgboost,current_plus_trajectory,expanding_window,2018,277,208,0.7509025270758123,0.8696655971293401,0.11876307005352782,True
full_oisst_domain,xgboost,current_plus_trajectory,expanding_window,2019,199,63,0.3165829145728643,0.4876016990577915,0.1710187844849272,True
full_oisst_domain,xgboost,current_plus_trajectory,expanding_window,2020,239,90,0.37656903765690375,0.4710803098253673,0.09451127216846356,True
full_oisst_domain,xgboost,current_plus_trajectory,expanding_window,2021,229,83,0.3624454148471616,0.5065309651635427,0.1440855503163811,True
full_oisst_domain,xgboost,current_plus_trajectory,expanding_window,2022,225,150,0.6666666666666666,0.8351778278699862,0.16851116120331955,True
full_oisst_domain,xgboost,current_plus_trajectory,expanding_window,2023,179,32,0.1787709497206704,0.349474422370047,0.1707034726493766,True
full_oisst_domain,xgboost,current_plus_trajectory,expanding_window,2024,204,51,0.25,0.34174962419090016,0.09174962419090016,True
full_oisst_domain,xgboost,trajectory_plus_oisst,expanding_window,2005,312,186,0.5961538461538461,0.7197846698237573,0.12363082366991118,True
full_oisst_domain,xgboost,trajectory_plus_oisst,expanding_window,2006,285,54,0.18947368421052632,0.5574751366978915,0.36800145248736515,True
full_oisst_domain,xgboost,trajectory_plus_oisst,expanding_window,2007,328,94,0.2865853658536585,0.564653464821258,0.2780680989675995,True
full_oisst_domain,xgboost,trajectory_plus_oisst,expanding_window,2008,331,95,0.28700906344410876,0.5585415677110908,0.271532504266982,True
full_oisst_domain,xgboost,trajectory_plus_oisst,expanding_window,2009,341,163,0.4780058651026393,0.616905533048549,0.1388996679459097,True
full_oisst_domain,xgboost,trajectory_plus_oisst,expanding_window,2010,328,162,0.49390243902439024,0.6606269446314745,0.1667245056070843,True
full_oisst_domain,xgboost,trajectory_plus_oisst,expanding_window,2011,280,109,0.3892857142857143,0.6287541841139876,0.23946846982827336,True
full_oisst_domain,xgboost,trajectory_plus_oisst,expanding_window,2012,290,63,0.21724137931034482,0.6620421434674952,0.4448007641571504,True
full_oisst_domain,xgboost,trajectory_plus_oisst,expanding_window,2013,335,213,0.6358208955223881,0.7725987336667839,0.1367778381443958,True
full_oisst_domain,xgboost,trajectory_plus_oisst,expanding_window,2014,293,116,0.39590443686006827,0.5374181196279717,0.14151368276790344,True
full_oisst_domain,xgboost,trajectory_plus_oisst,expanding_window,2015,253,123,0.48616600790513836,0.7008544194448343,0.21468841153969592,True
full_oisst_domain,xgboost,trajectory_plus_oisst,expanding_window,2016,232,80,0.3448275862068966,0.510877982907787,0.1660503967008904,True
full_oisst_domain,xgboost,trajectory_plus_oisst,expanding_window,2017,251,49,0.1952191235059761,0.343667281553523,0.1484481580475469,True
full_oisst_domain,xgboost,trajectory_plus_oisst,expanding_window,2018,277,208,0.7509025270758123,0.883218270911668,0.13231574383585576,True
full_oisst_domain,xgboost,trajectory_plus_oisst,expanding_window,2019,199,63,0.3165829145728643,0.49157432346926594,0.17499140889640163,True
full_oisst_domain,xgboost,trajectory_plus_oisst,expanding_window,2020,239,90,0.37656903765690375,0.5023430958082562,0.12577405815135245,True
full_oisst_domain,xgboost,trajectory_plus_oisst,expanding_window,2021,229,83,0.3624454148471616,0.5139904403935621,0.15154502554640054,True
full_oisst_domain,xgboost,trajectory_plus_oisst,expanding_window,2022,225,150,0.6666666666666666,0.7625740117162614,0.09590734504959475,True
full_oisst_domain,xgboost,trajectory_plus_oisst,expanding_window,2023,179,32,0.1787709497206704,0.4114839709260549,0.23271302120538448,True
full_oisst_domain,xgboost,trajectory_plus_oisst,expanding_window,2024,204,51,0.25,0.36180423649117993,0.11180423649117993,True
upwelling_supported_domain,logistic,current_only,expanding_window,2005,207,129,0.6231884057971014,0.7601110328863905,0.13692262708928904,True
upwelling_supported_domain,logistic,current_only,expanding_window,2006,191,39,0.20418848167539266,0.5792491175200725,0.3750606358446798,True
upwelling_supported_domain,logistic,current_only,expanding_window,2007,217,71,0.3271889400921659,0.5811360364221532,0.25394709632998724,True
upwelling_supported_domain,logistic,current_only,expanding_window,2008,216,61,0.2824074074074074,0.5178580224455359,0.23545061503812853,True
upwelling_supported_domain,logistic,current_only,expanding_window,2009,228,99,0.4342105263157895,0.5764434558203898,0.14223292950460031,True
upwelling_supported_domain,logistic,current_only,expanding_window,2010,225,136,0.6044444444444445,0.7720691700935822,0.16762472564913777,True
upwelling_supported_domain,logistic,current_only,expanding_window,2011,186,65,0.34946236559139787,0.5469418377154118,0.19747947212401396,True
upwelling_supported_domain,logistic,current_only,expanding_window,2012,196,28,0.14285714285714285,0.5127320656231433,0.3698749227660005,True
upwelling_supported_domain,logistic,current_only,expanding_window,2013,230,185,0.8043478260869565,0.8139215084429595,0.009573682356002977,True
upwelling_supported_domain,logistic,current_only,expanding_window,2014,188,73,0.3882978723404255,0.436919166998486,0.04862129465806048,True
upwelling_supported_domain,logistic,current_only,expanding_window,2015,163,53,0.32515337423312884,0.46032967451020684,0.135176300277078,True
upwelling_supported_domain,logistic,current_only,expanding_window,2016,168,71,0.4226190476190476,0.6801538960674605,0.25753484844841285,True
upwelling_supported_domain,logistic,current_only,expanding_window,2017,175,36,0.2057142857142857,0.25514153376400317,0.04942724804971746,True
upwelling_supported_domain,logistic,current_only,expanding_window,2018,181,156,0.861878453038674,0.8963291950282077,0.034450741989533684,True
upwelling_supported_domain,logistic,current_only,expanding_window,2019,123,21,0.17073170731707318,0.25807896051555124,0.08734725319847805,True
upwelling_supported_domain,logistic,current_only,expanding_window,2020,156,56,0.358974358974359,0.38324424744990615,0.024269888475547174,True
upwelling_supported_domain,logistic,current_only,expanding_window,2021,161,46,0.2857142857142857,0.3068864797256828,0.021172194011397083,True
upwelling_supported_domain,logistic,current_only,expanding_window,2022,160,126,0.7875,0.8673381546646456,0.07983815466464561,True
upwelling_supported_domain,logistic,current_only,expanding_window,2023,111,10,0.09009009009009009,0.20289286888070018,0.1128027787906101,True
upwelling_supported_domain,logistic,current_only,expanding_window,2024,138,39,0.2826086956521739,0.3457723368581662,0.06316364120599233,True
upwelling_supported_domain,logistic,current_plus_trajectory,expanding_window,2005,207,129,0.6231884057971014,0.7220263414599748,0.09883793566287336,True
upwelling_supported_domain,logistic,current_plus_trajectory,expanding_window,2006,191,39,0.20418848167539266,0.6817179928125505,0.47752951113715786,True
upwelling_supported_domain,logistic,current_plus_trajectory,expanding_window,2007,217,71,0.3271889400921659,0.5645452181531174,0.2373562780609515,True
upwelling_supported_domain,logistic,current_plus_trajectory,expanding_window,2008,216,61,0.2824074074074074,0.5310720275967569,0.24866462018934948,True
upwelling_supported_domain,logistic,current_plus_trajectory,expanding_window,2009,228,99,0.4342105263157895,0.5685371050798328,0.1343265787640433,True
upwelling_supported_domain,logistic,current_plus_trajectory,expanding_window,2010,225,136,0.6044444444444445,0.793145480354999,0.18870103591055454,True
upwelling_supported_domain,logistic,current_plus_trajectory,expanding_window,2011,186,65,0.34946236559139787,0.5441238998767421,0.19466153428534427,True
upwelling_supported_domain,logistic,current_plus_trajectory,expanding_window,2012,196,28,0.14285714285714285,0.5197620178868547,0.37690487502971187,True
upwelling_supported_domain,logistic,current_plus_trajectory,expanding_window,2013,230,185,0.8043478260869565,0.7963468854269964,-0.008000940659960154,True
upwelling_supported_domain,logistic,current_plus_trajectory,expanding_window,2014,188,73,0.3882978723404255,0.42233003128384494,0.03403215894341943,True
upwelling_supported_domain,logistic,current_plus_trajectory,expanding_window,2015,163,53,0.32515337423312884,0.469274529965394,0.14412115573226514,True
upwelling_supported_domain,logistic,current_plus_trajectory,expanding_window,2016,168,71,0.4226190476190476,0.6726917436564994,0.2500726960374518,True
upwelling_supported_domain,logistic,current_plus_trajectory,expanding_window,2017,175,36,0.2057142857142857,0.3189444646391577,0.113230178924872,True
upwelling_supported_domain,logistic,current_plus_trajectory,expanding_window,2018,181,156,0.861878453038674,0.9023515727712426,0.04047311973256851,True
upwelling_supported_domain,logistic,current_plus_trajectory,expanding_window,2019,123,21,0.17073170731707318,0.3216670819793933,0.15093537466232013,True
upwelling_supported_domain,logistic,current_plus_trajectory,expanding_window,2020,156,56,0.358974358974359,0.41757543614867365,0.058601077174314675,True
upwelling_supported_domain,logistic,current_plus_trajectory,expanding_window,2021,161,46,0.2857142857142857,0.40915858189728843,0.12344429618300273,True
upwelling_supported_domain,logistic,current_plus_trajectory,expanding_window,2022,160,126,0.7875,0.8638525221063469,0.07635252210634691,True
upwelling_supported_domain,logistic,current_plus_trajectory,expanding_window,2023,111,10,0.09009009009009009,0.3789554686265213,0.28886537853643124,True
upwelling_supported_domain,logistic,current_plus_trajectory,expanding_window,2024,138,39,0.2826086956521739,0.4111045269482538,0.1284958312960799,True
upwelling_supported_domain,logistic,trajectory_plus_oisst,expanding_window,2005,207,129,0.6231884057971014,0.7322914758188421,0.10910307002174069,True
upwelling_supported_domain,logistic,trajectory_plus_oisst,expanding_window,2006,191,39,0.20418848167539266,0.5826958122586362,0.37850733058324354,True
upwelling_supported_domain,logistic,trajectory_plus_oisst,expanding_window,2007,217,71,0.3271889400921659,0.5488949027268432,0.22170596263467723,True
upwelling_supported_domain,logistic,trajectory_plus_oisst,expanding_window,2008,216,61,0.2824074074074074,0.4853768915119671,0.20296948410455973,True
upwelling_supported_domain,logistic,trajectory_plus_oisst,expanding_window,2009,228,99,0.4342105263157895,0.5449463270865107,0.1107358007707212,True
upwelling_supported_domain,logistic,trajectory_plus_oisst,expanding_window,2010,225,136,0.6044444444444445,0.7872089158073358,0.1827644713628913,True
upwelling_supported_domain,logistic,trajectory_plus_oisst,expanding_window,2011,186,65,0.34946236559139787,0.5686133206421171,0.21915095505071924,True
upwelling_supported_domain,logistic,trajectory_plus_oisst,expanding_window,2012,196,28,0.14285714285714285,0.5759417813704745,0.4330846385133316,True
upwelling_supported_domain,logistic,trajectory_plus_oisst,expanding_window,2013,230,185,0.8043478260869565,0.7973760808264372,-0.0069717452605193575,True
upwelling_supported_domain,logistic,trajectory_plus_oisst,expanding_window,2014,188,73,0.3882978723404255,0.45381158863226245,0.06551371629183694,True
upwelling_supported_domain,logistic,trajectory_plus_oisst,expanding_window,2015,163,53,0.32515337423312884,0.5345797636571807,0.2094263894240519,True
upwelling_supported_domain,logistic,trajectory_plus_oisst,expanding_window,2016,168,71,0.4226190476190476,0.6340810360946305,0.2114619884755829,True
upwelling_supported_domain,logistic,trajectory_plus_oisst,expanding_window,2017,175,36,0.2057142857142857,0.32575863786127357,0.12004435214698786,True
upwelling_supported_domain,logistic,trajectory_plus_oisst,expanding_window,2018,181,156,0.861878453038674,0.9055966947714722,0.043718241732798147,True
upwelling_supported_domain,logistic,trajectory_plus_oisst,expanding_window,2019,123,21,0.17073170731707318,0.2835228892396924,0.1127911819226192,True
upwelling_supported_domain,logistic,trajectory_plus_oisst,expanding_window,2020,156,56,0.358974358974359,0.4262948667258929,0.06732050775153392,True
upwelling_supported_domain,logistic,trajectory_plus_oisst,expanding_window,2021,161,46,0.2857142857142857,0.4453484158666878,0.15963413015240208,True
upwelling_supported_domain,logistic,trajectory_plus_oisst,expanding_window,2022,160,126,0.7875,0.8465141616642091,0.05901416166420914,True
upwelling_supported_domain,logistic,trajectory_plus_oisst,expanding_window,2023,111,10,0.09009009009009009,0.3414043135203485,0.25131422343025844,True
upwelling_supported_domain,logistic,trajectory_plus_oisst,expanding_window,2024,138,39,0.2826086956521739,0.3947586023569328,0.11214990670475888,True
upwelling_supported_domain,logistic,trajectory_plus_oisst_cuti_beuti,expanding_window,2005,207,129,0.6231884057971014,0.740323744871245,0.11713533907414353,True
upwelling_supported_domain,logistic,trajectory_plus_oisst_cuti_beuti,expanding_window,2006,191,39,0.20418848167539266,0.663107106452703,0.4589186247773103,True
upwelling_supported_domain,logistic,trajectory_plus_oisst_cuti_beuti,expanding_window,2007,217,71,0.3271889400921659,0.4491710723411849,0.12198213224901899,True
upwelling_supported_domain,logistic,trajectory_plus_oisst_cuti_beuti,expanding_window,2008,216,61,0.2824074074074074,0.47003222048187954,0.18762481307447215,True
upwelling_supported_domain,logistic,trajectory_plus_oisst_cuti_beuti,expanding_window,2009,228,99,0.4342105263157895,0.525869331009355,0.09165880469356547,True
upwelling_supported_domain,logistic,trajectory_plus_oisst_cuti_beuti,expanding_window,2010,225,136,0.6044444444444445,0.7762367691338176,0.1717923246893731,True
upwelling_supported_domain,logistic,trajectory_plus_oisst_cuti_beuti,expanding_window,2011,186,65,0.34946236559139787,0.5535823869924505,0.20412002140105268,True
upwelling_supported_domain,logistic,trajectory_plus_oisst_cuti_beuti,expanding_window,2012,196,28,0.14285714285714285,0.5481528252052786,0.4052956823481358,True
upwelling_supported_domain,logistic,trajectory_plus_oisst_cuti_beuti,expanding_window,2013,230,185,0.8043478260869565,0.798615129980843,-0.0057326961061134885,True
upwelling_supported_domain,logistic,trajectory_plus_oisst_cuti_beuti,expanding_window,2014,188,73,0.3882978723404255,0.4420456741396246,0.05374780179919908,True
upwelling_supported_domain,logistic,trajectory_plus_oisst_cuti_beuti,expanding_window,2015,163,53,0.32515337423312884,0.5531744315887195,0.22802105735559064,True
upwelling_supported_domain,logistic,trajectory_plus_oisst_cuti_beuti,expanding_window,2016,168,71,0.4226190476190476,0.6035678379187157,0.1809487902996681,True
upwelling_supported_domain,logistic,trajectory_plus_oisst_cuti_beuti,expanding_window,2017,175,36,0.2057142857142857,0.3122394803353512,0.1065251946210655,True
upwelling_supported_domain,logistic,trajectory_plus_oisst_cuti_beuti,expanding_window,2018,181,156,0.861878453038674,0.9140249728905387,0.05214651985186469,True
upwelling_supported_domain,logistic,trajectory_plus_oisst_cuti_beuti,expanding_window,2019,123,21,0.17073170731707318,0.282870925219764,0.1121392179026908,True
upwelling_supported_domain,logistic,trajectory_plus_oisst_cuti_beuti,expanding_window,2020,156,56,0.358974358974359,0.39475589308382775,0.03578153410946877,True
upwelling_supported_domain,logistic,trajectory_plus_oisst_cuti_beuti,expanding_window,2021,161,46,0.2857142857142857,0.3749293236594418,0.08921503794515612,True
upwelling_supported_domain,logistic,trajectory_plus_oisst_cuti_beuti,expanding_window,2022,160,126,0.7875,0.8776083320247237,0.09010833202472368,True
upwelling_supported_domain,logistic,trajectory_plus_oisst_cuti_beuti,expanding_window,2023,111,10,0.09009009009009009,0.3475697109789746,0.25747962088888454,True
upwelling_supported_domain,logistic,trajectory_plus_oisst_cuti_beuti,expanding_window,2024,138,39,0.2826086956521739,0.4073154676249458,0.12470677197277191,True
upwelling_supported_domain,random_forest,current_only,expanding_window,2005,207,129,0.6231884057971014,0.7504484245396528,0.12726001874255133,True
upwelling_supported_domain,random_forest,current_only,expanding_window,2006,191,39,0.20418848167539266,0.5396641165553345,0.33547563487994186,True
upwelling_supported_domain,random_forest,current_only,expanding_window,2007,217,71,0.3271889400921659,0.608622315092102,0.28143337499993604,True
upwelling_supported_domain,random_forest,current_only,expanding_window,2008,216,61,0.2824074074074074,0.46034266978820243,0.17793526238079505,True
upwelling_supported_domain,random_forest,current_only,expanding_window,2009,228,99,0.4342105263157895,0.5740804943079412,0.13986996799215168,True
upwelling_supported_domain,random_forest,current_only,expanding_window,2010,225,136,0.6044444444444445,0.7633027089379351,0.1588582644934906,True
upwelling_supported_domain,random_forest,current_only,expanding_window,2011,186,65,0.34946236559139787,0.5462822850103843,0.19681991941898647,True
upwelling_supported_domain,random_forest,current_only,expanding_window,2012,196,28,0.14285714285714285,0.5490529862289347,0.4061958433717919,True
upwelling_supported_domain,random_forest,current_only,expanding_window,2013,230,185,0.8043478260869565,0.818312554841564,0.013964728754607414,True
upwelling_supported_domain,random_forest,current_only,expanding_window,2014,188,73,0.3882978723404255,0.4601109095980528,0.07181303725762728,True
upwelling_supported_domain,random_forest,current_only,expanding_window,2015,163,53,0.32515337423312884,0.43221631038004227,0.10706293614691342,True
upwelling_supported_domain,random_forest,current_only,expanding_window,2016,168,71,0.4226190476190476,0.6591048228910774,0.2364857752720298,True
upwelling_supported_domain,random_forest,current_only,expanding_window,2017,175,36,0.2057142857142857,0.25176357257874804,0.04604928686446233,True
upwelling_supported_domain,random_forest,current_only,expanding_window,2018,181,156,0.861878453038674,0.8914025041094296,0.029524051070755508,True
upwelling_supported_domain,random_forest,current_only,expanding_window,2019,123,21,0.17073170731707318,0.26902617148476987,0.09829446416769669,True
upwelling_supported_domain,random_forest,current_only,expanding_window,2020,156,56,0.358974358974359,0.36862281562319216,0.009648456648833181,True
upwelling_supported_domain,random_forest,current_only,expanding_window,2021,161,46,0.2857142857142857,0.3024118803458819,0.016697594631596202,True
upwelling_supported_domain,random_forest,current_only,expanding_window,2022,160,126,0.7875,0.8744064133888035,0.08690641338880356,True
upwelling_supported_domain,random_forest,current_only,expanding_window,2023,111,10,0.09009009009009009,0.20552097184356172,0.11543088175347163,True
upwelling_supported_domain,random_forest,current_only,expanding_window,2024,138,39,0.2826086956521739,0.33753043998671267,0.05492174433453878,True
upwelling_supported_domain,random_forest,current_plus_trajectory,expanding_window,2005,207,129,0.6231884057971014,0.7361479881007129,0.11295958230361147,True
upwelling_supported_domain,random_forest,current_plus_trajectory,expanding_window,2006,191,39,0.20418848167539266,0.6323173079097719,0.42812882623437926,True
upwelling_supported_domain,random_forest,current_plus_trajectory,expanding_window,2007,217,71,0.3271889400921659,0.5690212904202748,0.2418323503281089,True
upwelling_supported_domain,random_forest,current_plus_trajectory,expanding_window,2008,216,61,0.2824074074074074,0.4516235662743405,0.16921615886693314,True
upwelling_supported_domain,random_forest,current_plus_trajectory,expanding_window,2009,228,99,0.4342105263157895,0.6061386777850728,0.1719281514692833,True
upwelling_supported_domain,random_forest,current_plus_trajectory,expanding_window,2010,225,136,0.6044444444444445,0.7984398810904664,0.19399543664602192,True
upwelling_supported_domain,random_forest,current_plus_trajectory,expanding_window,2011,186,65,0.34946236559139787,0.6152778149981909,0.265815449406793,True
upwelling_supported_domain,random_forest,current_plus_trajectory,expanding_window,2012,196,28,0.14285714285714285,0.5442453374051484,0.4013881945480055,True
upwelling_supported_domain,random_forest,current_plus_trajectory,expanding_window,2013,230,185,0.8043478260869565,0.8156078502332963,0.011260024146339753,True
upwelling_supported_domain,random_forest,current_plus_trajectory,expanding_window,2014,188,73,0.3882978723404255,0.4156577038883047,0.027359831547879188,True
upwelling_supported_domain,random_forest,current_plus_trajectory,expanding_window,2015,163,53,0.32515337423312884,0.49348909266471447,0.16833571843158562,True
upwelling_supported_domain,random_forest,current_plus_trajectory,expanding_window,2016,168,71,0.4226190476190476,0.6659963304252414,0.2433772828061938,True
upwelling_supported_domain,random_forest,current_plus_trajectory,expanding_window,2017,175,36,0.2057142857142857,0.3332620972788956,0.1275478115646099,True
upwelling_supported_domain,random_forest,current_plus_trajectory,expanding_window,2018,181,156,0.861878453038674,0.9065493966775288,0.04467094363885471,True
upwelling_supported_domain,random_forest,current_plus_trajectory,expanding_window,2019,123,21,0.17073170731707318,0.2799110554009816,0.10917934808390842,True
upwelling_supported_domain,random_forest,current_plus_trajectory,expanding_window,2020,156,56,0.358974358974359,0.4399774915556184,0.08100313258125941,True
upwelling_supported_domain,random_forest,current_plus_trajectory,expanding_window,2021,161,46,0.2857142857142857,0.413677632310648,0.12796334659636233,True
upwelling_supported_domain,random_forest,current_plus_trajectory,expanding_window,2022,160,126,0.7875,0.8633443744919445,0.07584437449194448,True
upwelling_supported_domain,random_forest,current_plus_trajectory,expanding_window,2023,111,10,0.09009009009009009,0.3624528460909058,0.2723627560008157,True
upwelling_supported_domain,random_forest,current_plus_trajectory,expanding_window,2024,138,39,0.2826086956521739,0.38819536084484085,0.10558666519266696,True
upwelling_supported_domain,random_forest,trajectory_plus_oisst,expanding_window,2005,207,129,0.6231884057971014,0.7566749801424923,0.1334865743453909,True
upwelling_supported_domain,random_forest,trajectory_plus_oisst,expanding_window,2006,191,39,0.20418848167539266,0.6737569988718853,0.4695685171964927,True
upwelling_supported_domain,random_forest,trajectory_plus_oisst,expanding_window,2007,217,71,0.3271889400921659,0.5404653624471821,0.2132764223550162,True
upwelling_supported_domain,random_forest,trajectory_plus_oisst,expanding_window,2008,216,61,0.2824074074074074,0.49961670684408527,0.21720929943667788,True
upwelling_supported_domain,random_forest,trajectory_plus_oisst,expanding_window,2009,228,99,0.4342105263157895,0.608954333609632,0.17474380729384253,True
upwelling_supported_domain,random_forest,trajectory_plus_oisst,expanding_window,2010,225,136,0.6044444444444445,0.7761060179397082,0.1716615734952638,True
upwelling_supported_domain,random_forest,trajectory_plus_oisst,expanding_window,2011,186,65,0.34946236559139787,0.622476972899179,0.27301460730778115,True
upwelling_supported_domain,random_forest,trajectory_plus_oisst,expanding_window,2012,196,28,0.14285714285714285,0.6639396790880034,0.5210825362308606,True
upwelling_supported_domain,random_forest,trajectory_plus_oisst,expanding_window,2013,230,185,0.8043478260869565,0.8424085888453268,0.038060762758370226,True
upwelling_supported_domain,random_forest,trajectory_plus_oisst,expanding_window,2014,188,73,0.3882978723404255,0.43630787992623976,0.04801000758581425,True
upwelling_supported_domain,random_forest,trajectory_plus_oisst,expanding_window,2015,163,53,0.32515337423312884,0.5096892246642801,0.18453585043115128,True
upwelling_supported_domain,random_forest,trajectory_plus_oisst,expanding_window,2016,168,71,0.4226190476190476,0.62652586416856,0.20390681654951243,True
upwelling_supported_domain,random_forest,trajectory_plus_oisst,expanding_window,2017,175,36,0.2057142857142857,0.3542436414557642,0.1485293557414785,True
upwelling_supported_domain,random_forest,trajectory_plus_oisst,expanding_window,2018,181,156,0.861878453038674,0.918588433963841,0.05670998092516699,True
upwelling_supported_domain,random_forest,trajectory_plus_oisst,expanding_window,2019,123,21,0.17073170731707318,0.31741067879858115,0.14667897148150796,True
upwelling_supported_domain,random_forest,trajectory_plus_oisst,expanding_window,2020,156,56,0.358974358974359,0.4407776004375136,0.0818032414631546,True
upwelling_supported_domain,random_forest,trajectory_plus_oisst,expanding_window,2021,161,46,0.2857142857142857,0.4423609138122206,0.1566466280979349,True
upwelling_supported_domain,random_forest,trajectory_plus_oisst,expanding_window,2022,160,126,0.7875,0.8260895443038463,0.03858954430384631,True
upwelling_supported_domain,random_forest,trajectory_plus_oisst,expanding_window,2023,111,10,0.09009009009009009,0.32636727322849535,0.23627718313840526,True
upwelling_supported_domain,random_forest,trajectory_plus_oisst,expanding_window,2024,138,39,0.2826086956521739,0.40408930785530794,0.12148061220313405,True
upwelling_supported_domain,random_forest,trajectory_plus_oisst_cuti_beuti,expanding_window,2005,207,129,0.6231884057971014,0.7545116370029744,0.13132323120587297,True
upwelling_supported_domain,random_forest,trajectory_plus_oisst_cuti_beuti,expanding_window,2006,191,39,0.20418848167539266,0.7182648838946322,0.5140764022192394,True
upwelling_supported_domain,random_forest,trajectory_plus_oisst_cuti_beuti,expanding_window,2007,217,71,0.3271889400921659,0.3874379213012692,0.06024898120910327,True
upwelling_supported_domain,random_forest,trajectory_plus_oisst_cuti_beuti,expanding_window,2008,216,61,0.2824074074074074,0.5185839609162256,0.23617655350881822,True
upwelling_supported_domain,random_forest,trajectory_plus_oisst_cuti_beuti,expanding_window,2009,228,99,0.4342105263157895,0.5915361544802801,0.15732562816449058,True
upwelling_supported_domain,random_forest,trajectory_plus_oisst_cuti_beuti,expanding_window,2010,225,136,0.6044444444444445,0.7773997853619853,0.17295534091754083,True
upwelling_supported_domain,random_forest,trajectory_plus_oisst_cuti_beuti,expanding_window,2011,186,65,0.34946236559139787,0.7159879806700816,0.36652561507868375,True
upwelling_supported_domain,random_forest,trajectory_plus_oisst_cuti_beuti,expanding_window,2012,196,28,0.14285714285714285,0.6257225429568748,0.48286540009973195,True
upwelling_supported_domain,random_forest,trajectory_plus_oisst_cuti_beuti,expanding_window,2013,230,185,0.8043478260869565,0.8442457764237263,0.039897950336769794,True
upwelling_supported_domain,random_forest,trajectory_plus_oisst_cuti_beuti,expanding_window,2014,188,73,0.3882978723404255,0.45465634627436996,0.06635847393394445,True
upwelling_supported_domain,random_forest,trajectory_plus_oisst_cuti_beuti,expanding_window,2015,163,53,0.32515337423312884,0.5534300090801019,0.22827663484697303,True
upwelling_supported_domain,random_forest,trajectory_plus_oisst_cuti_beuti,expanding_window,2016,168,71,0.4226190476190476,0.6178801969484294,0.19526114932938182,True
upwelling_supported_domain,random_forest,trajectory_plus_oisst_cuti_beuti,expanding_window,2017,175,36,0.2057142857142857,0.35917296167311025,0.15345867595882454,True
upwelling_supported_domain,random_forest,trajectory_plus_oisst_cuti_beuti,expanding_window,2018,181,156,0.861878453038674,0.9200282937232974,0.058149840684623366,True
upwelling_supported_domain,random_forest,trajectory_plus_oisst_cuti_beuti,expanding_window,2019,123,21,0.17073170731707318,0.28959221029782656,0.11886050298075337,True
upwelling_supported_domain,random_forest,trajectory_plus_oisst_cuti_beuti,expanding_window,2020,156,56,0.358974358974359,0.43129940017559665,0.07232504120123767,True
upwelling_supported_domain,random_forest,trajectory_plus_oisst_cuti_beuti,expanding_window,2021,161,46,0.2857142857142857,0.47562595555912546,0.18991166984483976,True
upwelling_supported_domain,random_forest,trajectory_plus_oisst_cuti_beuti,expanding_window,2022,160,126,0.7875,0.8359159724284636,0.04841597242846363,True
upwelling_supported_domain,random_forest,trajectory_plus_oisst_cuti_beuti,expanding_window,2023,111,10,0.09009009009009009,0.31248823146071725,0.22239814137062716,True
upwelling_supported_domain,random_forest,trajectory_plus_oisst_cuti_beuti,expanding_window,2024,138,39,0.2826086956521739,0.35948613882929786,0.07687744317712397,True
upwelling_supported_domain,xgboost,current_only,expanding_window,2005,207,129,0.6231884057971014,0.7550105648886125,0.13182215909151107,True
upwelling_supported_domain,xgboost,current_only,expanding_window,2006,191,39,0.20418848167539266,0.5224917579049854,0.3183032762295927,True
upwelling_supported_domain,xgboost,current_only,expanding_window,2007,217,71,0.3271889400921659,0.5913068817992042,0.2641179417070383,True
upwelling_supported_domain,xgboost,current_only,expanding_window,2008,216,61,0.2824074074074074,0.5118670987390153,0.22945969133160787,True
upwelling_supported_domain,xgboost,current_only,expanding_window,2009,228,99,0.4342105263157895,0.54627548272454,0.11206495640875047,True
upwelling_supported_domain,xgboost,current_only,expanding_window,2010,225,136,0.6044444444444445,0.7626403550085752,0.15819591056413074,True
upwelling_supported_domain,xgboost,current_only,expanding_window,2011,186,65,0.34946236559139787,0.5358929588357721,0.18643059324437428,True
upwelling_supported_domain,xgboost,current_only,expanding_window,2012,196,28,0.14285714285714285,0.5051379684960949,0.3622808256389521,True
upwelling_supported_domain,xgboost,current_only,expanding_window,2013,230,185,0.8043478260869565,0.8187113996101526,0.01436357352319606,True
upwelling_supported_domain,xgboost,current_only,expanding_window,2014,188,73,0.3882978723404255,0.4587550905728843,0.07045721823245882,True
upwelling_supported_domain,xgboost,current_only,expanding_window,2015,163,53,0.32515337423312884,0.4293305228034613,0.10417714857033245,True
upwelling_supported_domain,xgboost,current_only,expanding_window,2016,168,71,0.4226190476190476,0.6404743342169423,0.21785528659789472,True
upwelling_supported_domain,xgboost,current_only,expanding_window,2017,175,36,0.2057142857142857,0.24189587720955955,0.036181591495273835,True
upwelling_supported_domain,xgboost,current_only,expanding_window,2018,181,156,0.861878453038674,0.8792803376980194,0.017401884659345335,True
upwelling_supported_domain,xgboost,current_only,expanding_window,2019,123,21,0.17073170731707318,0.24810768538032235,0.07737597806324917,True
upwelling_supported_domain,xgboost,current_only,expanding_window,2020,156,56,0.358974358974359,0.3827602308765068,0.023785871902147815,True
upwelling_supported_domain,xgboost,current_only,expanding_window,2021,161,46,0.2857142857142857,0.2964630854254095,0.010748799711123802,True
upwelling_supported_domain,xgboost,current_only,expanding_window,2022,160,126,0.7875,0.8665692468525519,0.0790692468525519,True
upwelling_supported_domain,xgboost,current_only,expanding_window,2023,111,10,0.09009009009009009,0.2650851447917405,0.17499505470165042,True
upwelling_supported_domain,xgboost,current_only,expanding_window,2024,138,39,0.2826086956521739,0.3458246032272084,0.06321590757503454,True
upwelling_supported_domain,xgboost,current_plus_trajectory,expanding_window,2005,207,129,0.6231884057971014,0.7480959487945409,0.12490754299743945,True
upwelling_supported_domain,xgboost,current_plus_trajectory,expanding_window,2006,191,39,0.20418848167539266,0.5078080774529606,0.303619595777568,True
upwelling_supported_domain,xgboost,current_plus_trajectory,expanding_window,2007,217,71,0.3271889400921659,0.5643184032107911,0.23712946311862515,True
upwelling_supported_domain,xgboost,current_plus_trajectory,expanding_window,2008,216,61,0.2824074074074074,0.42015560220601605,0.13774819479860867,True
upwelling_supported_domain,xgboost,current_plus_trajectory,expanding_window,2009,228,99,0.4342105263157895,0.6066977846173034,0.1724872583015139,True
upwelling_supported_domain,xgboost,current_plus_trajectory,expanding_window,2010,225,136,0.6044444444444445,0.7933699833405657,0.1889255388961213,True
upwelling_supported_domain,xgboost,current_plus_trajectory,expanding_window,2011,186,65,0.34946236559139787,0.555849857145039,0.2063874915536411,True
upwelling_supported_domain,xgboost,current_plus_trajectory,expanding_window,2012,196,28,0.14285714285714285,0.5201101246176881,0.3772529817605453,True
upwelling_supported_domain,xgboost,current_plus_trajectory,expanding_window,2013,230,185,0.8043478260869565,0.8168985943453869,0.012550768258430378,True
upwelling_supported_domain,xgboost,current_plus_trajectory,expanding_window,2014,188,73,0.3882978723404255,0.41959662093319705,0.03129874859277154,True
upwelling_supported_domain,xgboost,current_plus_trajectory,expanding_window,2015,163,53,0.32515337423312884,0.48408475781083765,0.1589313835777088,True
upwelling_supported_domain,xgboost,current_plus_trajectory,expanding_window,2016,168,71,0.4226190476190476,0.609918589838803,0.18729954221975537,True
upwelling_supported_domain,xgboost,current_plus_trajectory,expanding_window,2017,175,36,0.2057142857142857,0.313386060806593,0.10767177509230727,True
upwelling_supported_domain,xgboost,current_plus_trajectory,expanding_window,2018,181,156,0.861878453038674,0.8979505615873796,0.03607210854870557,True
upwelling_supported_domain,xgboost,current_plus_trajectory,expanding_window,2019,123,21,0.17073170731707318,0.24118464092100345,0.07045293360393026,True
upwelling_supported_domain,xgboost,current_plus_trajectory,expanding_window,2020,156,56,0.358974358974359,0.41566128374976075,0.05668692477540177,True
upwelling_supported_domain,xgboost,current_plus_trajectory,expanding_window,2021,161,46,0.2857142857142857,0.4261924172172483,0.14047813150296262,True
upwelling_supported_domain,xgboost,current_plus_trajectory,expanding_window,2022,160,126,0.7875,0.8559706468905142,0.06847064689051419,True
upwelling_supported_domain,xgboost,current_plus_trajectory,expanding_window,2023,111,10,0.09009009009009009,0.3745587868446407,0.28446869675455067,True
upwelling_supported_domain,xgboost,current_plus_trajectory,expanding_window,2024,138,39,0.2826086956521739,0.3549855646715643,0.07237686901939039,True
upwelling_supported_domain,xgboost,trajectory_plus_oisst,expanding_window,2005,207,129,0.6231884057971014,0.762160503923214,0.13897209812611255,True
upwelling_supported_domain,xgboost,trajectory_plus_oisst,expanding_window,2006,191,39,0.20418848167539266,0.6002765119110601,0.39608803023566747,True
upwelling_supported_domain,xgboost,trajectory_plus_oisst,expanding_window,2007,217,71,0.3271889400921659,0.541467974565523,0.21427903447335706,True
upwelling_supported_domain,xgboost,trajectory_plus_oisst,expanding_window,2008,216,61,0.2824074074074074,0.5995738877494619,0.31716648034205447,True
upwelling_supported_domain,xgboost,trajectory_plus_oisst,expanding_window,2009,228,99,0.4342105263157895,0.5937818765329113,0.15957135021712177,True
upwelling_supported_domain,xgboost,trajectory_plus_oisst,expanding_window,2010,225,136,0.6044444444444445,0.7538956450459918,0.14945120060154737,True
upwelling_supported_domain,xgboost,trajectory_plus_oisst,expanding_window,2011,186,65,0.34946236559139787,0.5975356560177209,0.24807329042632298,True
upwelling_supported_domain,xgboost,trajectory_plus_oisst,expanding_window,2012,196,28,0.14285714285714285,0.7324237928414428,0.5895666499843,True
upwelling_supported_domain,xgboost,trajectory_plus_oisst,expanding_window,2013,230,185,0.8043478260869565,0.8920232984881017,0.08767547240114515,True
upwelling_supported_domain,xgboost,trajectory_plus_oisst,expanding_window,2014,188,73,0.3882978723404255,0.45656005773871483,0.06826218539828932,True
upwelling_supported_domain,xgboost,trajectory_plus_oisst,expanding_window,2015,163,53,0.32515337423312884,0.4537178652774792,0.12856449104435036,True
upwelling_supported_domain,xgboost,trajectory_plus_oisst,expanding_window,2016,168,71,0.4226190476190476,0.587600756831868,0.16498170921282035,True
upwelling_supported_domain,xgboost,trajectory_plus_oisst,expanding_window,2017,175,36,0.2057142857142857,0.30768313861337115,0.10196885289908544,True
upwelling_supported_domain,xgboost,trajectory_plus_oisst,expanding_window,2018,181,156,0.861878453038674,0.9215299963489264,0.05965154331025235,True
upwelling_supported_domain,xgboost,trajectory_plus_oisst,expanding_window,2019,123,21,0.17073170731707318,0.2486978203011047,0.07796611298403153,True
upwelling_supported_domain,xgboost,trajectory_plus_oisst,expanding_window,2020,156,56,0.358974358974359,0.3825520738489332,0.023577714874574218,True
upwelling_supported_domain,xgboost,trajectory_plus_oisst,expanding_window,2021,161,46,0.2857142857142857,0.3580316169382309,0.07231733122394518,True
upwelling_supported_domain,xgboost,trajectory_plus_oisst,expanding_window,2022,160,126,0.7875,0.8109050703576738,0.023405070357673807,True
upwelling_supported_domain,xgboost,trajectory_plus_oisst,expanding_window,2023,111,10,0.09009009009009009,0.31566310841453155,0.22557301832444146,True
upwelling_supported_domain,xgboost,trajectory_plus_oisst,expanding_window,2024,138,39,0.2826086956521739,0.4095863159759605,0.12697762032378662,True
upwelling_supported_domain,xgboost,trajectory_plus_oisst_cuti_beuti,expanding_window,2005,207,129,0.6231884057971014,0.7561731581345642,0.13298475233746276,True
upwelling_supported_domain,xgboost,trajectory_plus_oisst_cuti_beuti,expanding_window,2006,191,39,0.20418848167539266,0.6595935610028782,0.4554050793274856,True
upwelling_supported_domain,xgboost,trajectory_plus_oisst_cuti_beuti,expanding_window,2007,217,71,0.3271889400921659,0.2942015644065976,-0.03298737568556831,True
upwelling_supported_domain,xgboost,trajectory_plus_oisst_cuti_beuti,expanding_window,2008,216,61,0.2824074074074074,0.5761015041871501,0.29369409677974273,True
upwelling_supported_domain,xgboost,trajectory_plus_oisst_cuti_beuti,expanding_window,2009,228,99,0.4342105263157895,0.5260462918532081,0.09183576553741857,True
upwelling_supported_domain,xgboost,trajectory_plus_oisst_cuti_beuti,expanding_window,2010,225,136,0.6044444444444445,0.7193650555637678,0.11492061111932339,True
upwelling_supported_domain,xgboost,trajectory_plus_oisst_cuti_beuti,expanding_window,2011,186,65,0.34946236559139787,0.7398399912030922,0.3903776256116943,True
upwelling_supported_domain,xgboost,trajectory_plus_oisst_cuti_beuti,expanding_window,2012,196,28,0.14285714285714285,0.6713916592230956,0.5285345163659527,True
upwelling_supported_domain,xgboost,trajectory_plus_oisst_cuti_beuti,expanding_window,2013,230,185,0.8043478260869565,0.8866075262593971,0.08225970017244055,True
upwelling_supported_domain,xgboost,trajectory_plus_oisst_cuti_beuti,expanding_window,2014,188,73,0.3882978723404255,0.4133732497054939,0.025075377365068374,True
upwelling_supported_domain,xgboost,trajectory_plus_oisst_cuti_beuti,expanding_window,2015,163,53,0.32515337423312884,0.5296850346233027,0.2045316603901739,True
upwelling_supported_domain,xgboost,trajectory_plus_oisst_cuti_beuti,expanding_window,2016,168,71,0.4226190476190476,0.5724842589400527,0.1498652113210051,True
upwelling_supported_domain,xgboost,trajectory_plus_oisst_cuti_beuti,expanding_window,2017,175,36,0.2057142857142857,0.32776031803554356,0.12204603232125785,True
upwelling_supported_domain,xgboost,trajectory_plus_oisst_cuti_beuti,expanding_window,2018,181,156,0.861878453038674,0.8841766410691622,0.02229818803048811,True
upwelling_supported_domain,xgboost,trajectory_plus_oisst_cuti_beuti,expanding_window,2019,123,21,0.17073170731707318,0.28912696038326763,0.11839525306619444,True
upwelling_supported_domain,xgboost,trajectory_plus_oisst_cuti_beuti,expanding_window,2020,156,56,0.358974358974359,0.3705650081923114,0.011590649217952442,True
upwelling_supported_domain,xgboost,trajectory_plus_oisst_cuti_beuti,expanding_window,2021,161,46,0.2857142857142857,0.4071875097284462,0.1214732240141605,True
upwelling_supported_domain,xgboost,trajectory_plus_oisst_cuti_beuti,expanding_window,2022,160,126,0.7875,0.8178991135375939,0.030399113537593947,True
upwelling_supported_domain,xgboost,trajectory_plus_oisst_cuti_beuti,expanding_window,2023,111,10,0.09009009009009009,0.3428479591994886,0.25275786910939857,True
upwelling_supported_domain,xgboost,trajectory_plus_oisst_cuti_beuti,expanding_window,2024,138,39,0.2826086956521739,0.3471227295110808,0.06451403385890692,True
