support_m,feature_set,year,n,events,prevalence,ap,ap_lift
300,trajectory,2008,87,34,0.39080459770114945,0.7379178214063876,0.34711322370523817
300,trajectory,2009,56,17,0.30357142857142855,0.4313814466386612,0.12781001806723263
300,trajectory,2010,71,45,0.6338028169014085,0.8030959553336011,0.16929313843219262
300,trajectory,2011,68,29,0.4264705882352941,0.7834597059022854,0.3569891176669913
300,trajectory,2012,44,12,0.2727272727272727,0.4692103467501264,0.1964830740228537
300,trajectory,2013,39,31,0.7948717948717948,0.8156801898474528,0.020808394975658007
300,trajectory,2014,43,18,0.4186046511627907,0.5917062310684976,0.1731015799057069
300,trajectory,2015,37,13,0.35135135135135137,0.6630329073320425,0.3116815559806911
300,trajectory,2016,37,22,0.5945945945945946,0.6236665562593428,0.029071961664748125
300,trajectory,2017,35,10,0.2857142857142857,0.5890705128205128,0.3033562271062271
300,trajectory,2018,44,35,0.7954545454545454,0.8531412570863111,0.05768671163176564
300,trajectory,2019,30,9,0.3,0.32042577792577787,0.020425777925777877
300,trajectory,2020,36,14,0.3888888888888889,0.6639670810853076,0.27507819219641866
300,trajectory,2021,21,4,0.19047619047619047,0.8875,0.6970238095238095
300,trajectory_plus_field_state,2008,87,34,0.39080459770114945,0.6519100764883344,0.261105478787185
300,trajectory_plus_field_state,2009,56,17,0.30357142857142855,0.4215540042570919,0.11798257568566334
300,trajectory_plus_field_state,2010,71,45,0.6338028169014085,0.8300593131111792,0.1962564962097707
300,trajectory_plus_field_state,2011,68,29,0.4264705882352941,0.6708120725227648,0.24434148428747066
300,trajectory_plus_field_state,2012,44,12,0.2727272727272727,0.7098544973544973,0.43712722462722464
300,trajectory_plus_field_state,2013,39,31,0.7948717948717948,0.8024404973378648,0.007568702466069999
300,trajectory_plus_field_state,2014,43,18,0.4186046511627907,0.6281699106427654,0.20956525947997467
300,trajectory_plus_field_state,2015,37,13,0.35135135135135137,0.4415210290702941,0.09016967771894274
300,trajectory_plus_field_state,2016,37,22,0.5945945945945946,0.6539463097266505,0.05935171513205584
300,trajectory_plus_field_state,2017,35,10,0.2857142857142857,0.7511363636363636,0.4654220779220779
300,trajectory_plus_field_state,2018,44,35,0.7954545454545454,0.8745476122287812,0.07909306677423578
300,trajectory_plus_field_state,2019,30,9,0.3,0.5436026936026936,0.24360269360269365
300,trajectory_plus_field_state,2020,36,14,0.3888888888888889,0.6477842124992289,0.25889532361034
300,trajectory_plus_field_state,2021,21,4,0.19047619047619047,0.48971861471861466,0.2992424242424242
300,trajectory_plus_full_regime,2008,87,34,0.39080459770114945,0.6526215968478452,0.2618169991466957
300,trajectory_plus_full_regime,2009,56,17,0.30357142857142855,0.4834872742630151,0.17991584569158653
300,trajectory_plus_full_regime,2010,71,45,0.6338028169014085,0.8507069142066586,0.21690409730525007
300,trajectory_plus_full_regime,2011,68,29,0.4264705882352941,0.7281959665255603,0.3017253782902662
300,trajectory_plus_full_regime,2012,44,12,0.2727272727272727,0.3589304222971765,0.08620314956990377
300,trajectory_plus_full_regime,2013,39,31,0.7948717948717948,0.8148353413064765,0.019963546434681678
300,trajectory_plus_full_regime,2014,43,18,0.4186046511627907,0.49581460582165715,0.07720995465886643
300,trajectory_plus_full_regime,2015,37,13,0.35135135135135137,0.5303802237879318,0.17902887243658044
300,trajectory_plus_full_regime,2016,37,22,0.5945945945945946,0.6059318102945888,0.01133721569999413
300,trajectory_plus_full_regime,2017,35,10,0.2857142857142857,0.5120833333333333,0.22636904761904764
300,trajectory_plus_full_regime,2018,44,35,0.7954545454545454,0.8511459801860597,0.05569143473151428
300,trajectory_plus_full_regime,2019,30,9,0.3,0.6597222222222223,0.35972222222222233
300,trajectory_plus_full_regime,2020,36,14,0.3888888888888889,0.6283127934154751,0.23942390452658618
300,trajectory_plus_full_regime,2021,21,4,0.19047619047619047,0.4041666666666667,0.2136904761904762
300,trajectory_plus_paper_environment,2008,87,34,0.39080459770114945,0.6595296224557132,0.2687250247545638
300,trajectory_plus_paper_environment,2009,56,17,0.30357142857142855,0.4118861522927083,0.10831472372127976
300,trajectory_plus_paper_environment,2010,71,45,0.6338028169014085,0.8401111908388846,0.20630837393747614
300,trajectory_plus_paper_environment,2011,68,29,0.4264705882352941,0.7740083988977613,0.3475378106624672
300,trajectory_plus_paper_environment,2012,44,12,0.2727272727272727,0.34150226135520256,0.06877498862792986
300,trajectory_plus_paper_environment,2013,39,31,0.7948717948717948,0.7932260052148501,-0.0016457896569447295
300,trajectory_plus_paper_environment,2014,43,18,0.4186046511627907,0.4520213389162334,0.0334166877534427
300,trajectory_plus_paper_environment,2015,37,13,0.35135135135135137,0.358550320279695,0.007198968928343652
300,trajectory_plus_paper_environment,2016,37,22,0.5945945945945946,0.6622146657344857,0.0676200711398911
300,trajectory_plus_paper_environment,2017,35,10,0.2857142857142857,0.610718954248366,0.3250046685340803
300,trajectory_plus_paper_environment,2018,44,35,0.7954545454545454,0.819861553586928,0.024407008132382613
300,trajectory_plus_paper_environment,2019,30,9,0.3,0.6518556859136571,0.35185568591365707
300,trajectory_plus_paper_environment,2020,36,14,0.3888888888888889,0.5747901162831753,0.18590122739428644
300,trajectory_plus_paper_environment,2021,21,4,0.19047619047619047,0.8166666666666667,0.6261904761904762
300,trajectory_plus_paper_full,2008,87,34,0.39080459770114945,0.6526215968478452,0.2618169991466957
300,trajectory_plus_paper_full,2009,56,17,0.30357142857142855,0.4834872742630151,0.17991584569158653
300,trajectory_plus_paper_full,2010,71,45,0.6338028169014085,0.8507069142066586,0.21690409730525007
300,trajectory_plus_paper_full,2011,68,29,0.4264705882352941,0.7281959665255603,0.3017253782902662
300,trajectory_plus_paper_full,2012,44,12,0.2727272727272727,0.3589304222971765,0.08620314956990377
300,trajectory_plus_paper_full,2013,39,31,0.7948717948717948,0.8148353413064765,0.019963546434681678
300,trajectory_plus_paper_full,2014,43,18,0.4186046511627907,0.49581460582165715,0.07720995465886643
300,trajectory_plus_paper_full,2015,37,13,0.35135135135135137,0.5248070398924289,0.17345568854107757
300,trajectory_plus_paper_full,2016,37,22,0.5945945945945946,0.6293887318481892,0.03479413725359459
300,trajectory_plus_paper_full,2017,35,10,0.2857142857142857,0.7539627039627039,0.46824841824841823
300,trajectory_plus_paper_full,2018,44,35,0.7954545454545454,0.8564644641782275,0.06100991872368211
300,trajectory_plus_paper_full,2019,30,9,0.3,0.620112842857941,0.320112842857941
300,trajectory_plus_paper_full,2020,36,14,0.3888888888888889,0.6236422590671383,0.23475337017824943
300,trajectory_plus_paper_full,2021,21,4,0.19047619047619047,0.6777777777777777,0.48730158730158724
1000,trajectory,2008,103,44,0.42718446601941745,0.6482543803925378,0.22106991437312035
1000,trajectory,2009,74,21,0.28378378378378377,0.3671773785104611,0.08339359472667734
1000,trajectory,2010,85,50,0.5882352941176471,0.5687039629537145,-0.019531331163932575
1000,trajectory,2011,89,26,0.29213483146067415,0.5942693091038017,0.30213447764312756
1000,trajectory,2012,66,21,0.3181818181818182,0.5643683260696639,0.24618650788784574
1000,trajectory,2013,50,40,0.8,0.7602271235156468,-0.03977287648435324
1000,trajectory,2014,54,20,0.37037037037037035,0.4218401291359248,0.05146975876555443
1000,trajectory,2015,45,15,0.3333333333333333,0.6061517415046827,0.27281840817134934
1000,trajectory,2016,46,21,0.45652173913043476,0.41689401664725,-0.039627722483184746
1000,trajectory,2017,50,14,0.28,0.2877253214968375,0.007725321496837467
1000,trajectory,2018,56,51,0.9107142857142857,0.9614573202940503,0.05074303457976459
1000,trajectory,2019,48,12,0.25,0.30866724738675955,0.05866724738675955
1000,trajectory,2020,47,16,0.3404255319148936,0.7472718567505467,0.40684632483565314
1000,trajectory,2021,25,7,0.28,1.0,0.72
1000,trajectory_plus_field_state,2008,103,44,0.42718446601941745,0.630401190396167,0.2032167243767496
1000,trajectory_plus_field_state,2009,74,21,0.28378378378378377,0.33293000984675325,0.04914622606296948
1000,trajectory_plus_field_state,2010,85,50,0.5882352941176471,0.6486888579529518,0.06045356383530476
1000,trajectory_plus_field_state,2011,89,26,0.29213483146067415,0.4303654421433031,0.13823061068262893
1000,trajectory_plus_field_state,2012,66,21,0.3181818181818182,0.5986839839998499,0.2805021658180317
1000,trajectory_plus_field_state,2013,50,40,0.8,0.730569401779748,-0.069430598220252
1000,trajectory_plus_field_state,2014,54,20,0.37037037037037035,0.40665318630026825,0.036282815929897905
1000,trajectory_plus_field_state,2015,45,15,0.3333333333333333,0.4494827946823666,0.11614946134903331
1000,trajectory_plus_field_state,2016,46,21,0.45652173913043476,0.5373259499614178,0.08080421083098305
1000,trajectory_plus_field_state,2017,50,14,0.28,0.41936034934155236,0.13936034934155234
1000,trajectory_plus_field_state,2018,56,51,0.9107142857142857,0.9707577201464107,0.06004343443212501
1000,trajectory_plus_field_state,2019,48,12,0.25,0.41267123722521026,0.16267123722521026
1000,trajectory_plus_field_state,2020,47,16,0.3404255319148936,0.612751251373939,0.27232571945904543
1000,trajectory_plus_field_state,2021,25,7,0.28,0.947845804988662,0.667845804988662
1000,trajectory_plus_full_regime,2008,103,44,0.42718446601941745,0.5857195380743296,0.15853507205491219
1000,trajectory_plus_full_regime,2009,74,21,0.28378378378378377,0.2962862938730616,0.01250251008927783
1000,trajectory_plus_full_regime,2010,85,50,0.5882352941176471,0.6843286034960798,0.09609330937843275
1000,trajectory_plus_full_regime,2011,89,26,0.29213483146067415,0.4480904498647614,0.15595561840408723
1000,trajectory_plus_full_regime,2012,66,21,0.3181818181818182,0.3902661726703396,0.07208435448852141
1000,trajectory_plus_full_regime,2013,50,40,0.8,0.7566796903025401,-0.043320309697459924
1000,trajectory_plus_full_regime,2014,54,20,0.37037037037037035,0.36749271795425503,-0.002877652416115317
1000,trajectory_plus_full_regime,2015,45,15,0.3333333333333333,0.3826429419006138,0.049309608567280505
1000,trajectory_plus_full_regime,2016,46,21,0.45652173913043476,0.5527579818899748,0.09623624275954007
1000,trajectory_plus_full_regime,2017,50,14,0.28,0.5718817470918311,0.2918817470918311
1000,trajectory_plus_full_regime,2018,56,51,0.9107142857142857,0.9749018049051611,0.0641875191908754
1000,trajectory_plus_full_regime,2019,48,12,0.25,0.4407092961111315,0.19070929611113152
1000,trajectory_plus_full_regime,2020,47,16,0.3404255319148936,0.38857025312628674,0.04814472121139313
1000,trajectory_plus_full_regime,2021,25,7,0.28,0.3382879276112359,0.05828792761123586
1000,trajectory_plus_paper_environment,2008,103,44,0.42718446601941745,0.5967346403334975,0.1695501743140801
1000,trajectory_plus_paper_environment,2009,74,21,0.28378378378378377,0.25501895973492206,-0.028764824048861715
1000,trajectory_plus_paper_environment,2010,85,50,0.5882352941176471,0.6875809508414842,0.0993456567238371
1000,trajectory_plus_paper_environment,2011,89,26,0.29213483146067415,0.5147592609761988,0.2226244295155247
1000,trajectory_plus_paper_environment,2012,66,21,0.3181818181818182,0.38319463533073794,0.06501281714891977
1000,trajectory_plus_paper_environment,2013,50,40,0.8,0.7312117167300788,-0.06878828326992126
1000,trajectory_plus_paper_environment,2014,54,20,0.37037037037037035,0.34650749106792916,-0.023862879302441187
1000,trajectory_plus_paper_environment,2015,45,15,0.3333333333333333,0.31260198222979213,-0.020731351103541185
1000,trajectory_plus_paper_environment,2016,46,21,0.45652173913043476,0.7042159267011074,0.24769418757067269
1000,trajectory_plus_paper_environment,2017,50,14,0.28,0.3323602488532276,0.0523602488532276
1000,trajectory_plus_paper_environment,2018,56,51,0.9107142857142857,0.965123072258524,0.05440878654423831
1000,trajectory_plus_paper_environment,2019,48,12,0.25,0.6514826714521837,0.40148267145218375
1000,trajectory_plus_paper_environment,2020,47,16,0.3404255319148936,0.5065621146246317,0.16613658270973813
1000,trajectory_plus_paper_environment,2021,25,7,0.28,0.6881562881562882,0.4081562881562881
1000,trajectory_plus_paper_full,2008,103,44,0.42718446601941745,0.5857195380743296,0.15853507205491219
1000,trajectory_plus_paper_full,2009,74,21,0.28378378378378377,0.2962862938730616,0.01250251008927783
1000,trajectory_plus_paper_full,2010,85,50,0.5882352941176471,0.6843286034960798,0.09609330937843275
1000,trajectory_plus_paper_full,2011,89,26,0.29213483146067415,0.4480904498647614,0.15595561840408723
1000,trajectory_plus_paper_full,2012,66,21,0.3181818181818182,0.3902661726703396,0.07208435448852141
1000,trajectory_plus_paper_full,2013,50,40,0.8,0.7566796903025401,-0.043320309697459924
1000,trajectory_plus_paper_full,2014,54,20,0.37037037037037035,0.36749271795425503,-0.002877652416115317
1000,trajectory_plus_paper_full,2015,45,15,0.3333333333333333,0.3807308750977462,0.04739754176441291
1000,trajectory_plus_paper_full,2016,46,21,0.45652173913043476,0.6315013213200003,0.1749795821895655
1000,trajectory_plus_paper_full,2017,50,14,0.28,0.4898659468329555,0.20986594683295545
1000,trajectory_plus_paper_full,2018,56,51,0.9107142857142857,0.9785986903744865,0.06788440466020085
1000,trajectory_plus_paper_full,2019,48,12,0.25,0.6215143023805305,0.3715143023805305
1000,trajectory_plus_paper_full,2020,47,16,0.3404255319148936,0.4928932544064123,0.1524677224915187
1000,trajectory_plus_paper_full,2021,25,7,0.28,0.7204887218045113,0.44048872180451126
