domain,model,omitted_year,macro_year_ap_lift,macro_region_year_ap_lift
full_oisst_domain,current_only,2005,0.17765624229863305,0.2180474750135672
full_oisst_domain,current_only,2006,0.16944091906120512,0.2149991377479643
full_oisst_domain,current_only,2007,0.1729984432528997,0.2235494785126081
full_oisst_domain,current_only,2008,0.17221692530368116,0.2202785017763424
full_oisst_domain,current_only,2009,0.17995669183676002,0.22356504879649386
full_oisst_domain,current_only,2010,0.17690065363337149,0.2138317030239725
full_oisst_domain,current_only,2011,0.1756140691399195,0.2232859833784827
full_oisst_domain,current_only,2012,0.16990914583245306,0.22547434631198274
full_oisst_domain,current_only,2013,0.17954429396205437,0.22795003206210304
full_oisst_domain,current_only,2014,0.1769366087870147,0.22317128905927258
full_oisst_domain,current_only,2015,0.17246619162543933,0.2222891215998371
full_oisst_domain,current_only,2016,0.17031214156768978,0.2190323178564415
full_oisst_domain,current_only,2017,0.18178224525050468,0.22494721320248176
full_oisst_domain,current_only,2018,0.18071303021561907,0.22562239971676795
full_oisst_domain,current_only,2019,0.17163683803334648,0.22589845094207894
full_oisst_domain,current_only,2020,0.18246207305193504,0.22906688149420812
full_oisst_domain,current_only,2021,0.1776647638233136,0.22626586887464023
full_oisst_domain,current_only,2022,0.17675288291320318,0.22086953346778887
full_oisst_domain,current_only,2023,0.18112776635021133,0.2284256658790976
full_oisst_domain,current_only,2024,0.1845923683179666,0.22647613521585094
full_oisst_domain,current_plus_trajectory,2005,0.20223956575381066,0.22395960566407466
full_oisst_domain,current_plus_trajectory,2006,0.1878461488674839,0.21866411013833126
full_oisst_domain,current_plus_trajectory,2007,0.19591048139563144,0.22702772957106862
full_oisst_domain,current_plus_trajectory,2008,0.19625155975159145,0.22573330811898376
full_oisst_domain,current_plus_trajectory,2009,0.20752164568430806,0.23482850056335558
full_oisst_domain,current_plus_trajectory,2010,0.2013715805382698,0.21843564239956814
full_oisst_domain,current_plus_trajectory,2011,0.20277001590004323,0.22844721762409798
full_oisst_domain,current_plus_trajectory,2012,0.1964323410376205,0.2302164180936131
full_oisst_domain,current_plus_trajectory,2013,0.2056196865518788,0.23382340679527525
full_oisst_domain,current_plus_trajectory,2014,0.2036563800491607,0.2315312988383388
full_oisst_domain,current_plus_trajectory,2015,0.1989353904218278,0.2297759000070236
full_oisst_domain,current_plus_trajectory,2016,0.19415975515533948,0.22520640860040497
full_oisst_domain,current_plus_trajectory,2017,0.20412503481167388,0.22868549848882622
full_oisst_domain,current_plus_trajectory,2018,0.2045254190810898,0.23035069126234337
full_oisst_domain,current_plus_trajectory,2019,0.19377522828943322,0.22857731359919972
full_oisst_domain,current_plus_trajectory,2020,0.20492236873196137,0.23414542497217974
full_oisst_domain,current_plus_trajectory,2021,0.20076982748481553,0.22997423126050598
full_oisst_domain,current_plus_trajectory,2022,0.2001327445780415,0.2260415043483781
full_oisst_domain,current_plus_trajectory,2023,0.2004893477276167,0.22237150080236665
full_oisst_domain,current_plus_trajectory,2024,0.2070269868671026,0.22698519757009042
full_oisst_domain,trajectory_plus_oisst,2005,0.177720116104482,0.2251779420172364
full_oisst_domain,trajectory_plus_oisst,2006,0.17701104023818331,0.21752612616110098
full_oisst_domain,trajectory_plus_oisst,2007,0.17489729976454382,0.2291298015543377
full_oisst_domain,trajectory_plus_oisst,2008,0.17548259377057945,0.2260598126503516
full_oisst_domain,trajectory_plus_oisst,2009,0.18565129581173265,0.2351634884467647
full_oisst_domain,trajectory_plus_oisst,2010,0.18103656304316307,0.21969871958119308
full_oisst_domain,trajectory_plus_oisst,2011,0.17513447057938386,0.22977796232632625
full_oisst_domain,trajectory_plus_oisst,2012,0.17243491407110234,0.23026992350176118
full_oisst_domain,trajectory_plus_oisst,2013,0.18500523588659867,0.23103118782471746
full_oisst_domain,trajectory_plus_oisst,2014,0.18061488765507797,0.22785624997297324
full_oisst_domain,trajectory_plus_oisst,2015,0.17207064106098446,0.23051839213433994
full_oisst_domain,trajectory_plus_oisst,2016,0.1741443087589108,0.22692130375897362
full_oisst_domain,trajectory_plus_oisst,2017,0.1800306512888652,0.22795724375343493
full_oisst_domain,trajectory_plus_oisst,2018,0.17915926097601645,0.23019618549519144
full_oisst_domain,trajectory_plus_oisst,2019,0.17199252260365142,0.22917536138428
full_oisst_domain,trajectory_plus_oisst,2020,0.17858316788450038,0.23264889196568525
full_oisst_domain,trajectory_plus_oisst,2021,0.17439980437228533,0.23034155983946905
full_oisst_domain,trajectory_plus_oisst,2022,0.17956615817561059,0.2273031439909365
full_oisst_domain,trajectory_plus_oisst,2023,0.1803066580028194,0.230275477222896
full_oisst_domain,trajectory_plus_oisst,2024,0.18314962505467616,0.22740731813911497
upwelling_supported_domain,current_only,2005,0.16232067493071978,0.1991094520941962
upwelling_supported_domain,current_only,2006,0.14596595811549723,0.17221870604419232
upwelling_supported_domain,current_only,2007,0.15703916898573897,0.1928543689560879
upwelling_supported_domain,current_only,2008,0.1515928651182371,0.18806967039783776
upwelling_supported_domain,current_only,2009,0.1610790753790652,0.19631118856652333
upwelling_supported_domain,current_only,2010,0.1619930509530371,0.18765649260800676
upwelling_supported_domain,current_only,2011,0.15993118205116832,0.19690244039353205
upwelling_supported_domain,current_only,2012,0.14648044016596698,0.19459520114478343
upwelling_supported_domain,current_only,2013,0.16441781273246092,0.19823970946909086
upwelling_supported_domain,current_only,2014,0.16054615922445914,0.18774690359474117
upwelling_supported_domain,current_only,2015,0.15541481834085022,0.18935449864330023
upwelling_supported_domain,current_only,2016,0.1496288934595836,0.18525151221955624
upwelling_supported_domain,current_only,2017,0.1645395806483212,0.197440231948037
upwelling_supported_domain,current_only,2018,0.1644001511774667,0.19769654646567306
upwelling_supported_domain,current_only,2019,0.16688563549098495,0.1944050553043589
upwelling_supported_domain,current_only,2020,0.16526265647661664,0.1987229250190438
upwelling_supported_domain,current_only,2021,0.16251493969019434,0.1938569421912776
upwelling_supported_domain,current_only,2022,0.162713165153434,0.19212243930284978
upwelling_supported_domain,current_only,2023,0.15961052473374227,0.1939126194292474
upwelling_supported_domain,current_only,2024,0.16516041818752203,0.19184354802027243
upwelling_supported_domain,current_plus_trajectory,2005,0.17757667346089231,0.1928853134180848
upwelling_supported_domain,current_plus_trajectory,2006,0.15705321957707996,0.168888242929853
upwelling_supported_domain,current_plus_trajectory,2007,0.16902192277287933,0.18436347146482251
upwelling_supported_domain,current_plus_trajectory,2008,0.1607329141310358,0.18123940828814558
upwelling_supported_domain,current_plus_trajectory,2009,0.17651478175103283,0.18839509681477004
upwelling_supported_domain,current_plus_trajectory,2010,0.17403434842789514,0.18019892805208715
upwelling_supported_domain,current_plus_trajectory,2011,0.1759873018470671,0.18885775895853496
upwelling_supported_domain,current_plus_trajectory,2012,0.15700054652209786,0.18664979324409012
upwelling_supported_domain,current_plus_trajectory,2013,0.17786919920154642,0.19152774112343396
upwelling_supported_domain,current_plus_trajectory,2014,0.17387280067757246,0.18593692065202239
upwelling_supported_domain,current_plus_trajectory,2015,0.1683921068498102,0.18459077372798202
upwelling_supported_domain,current_plus_trajectory,2016,0.1611879999952157,0.17637990744647172
upwelling_supported_domain,current_plus_trajectory,2017,0.17170436479815918,0.1881049080347076
upwelling_supported_domain,current_plus_trajectory,2018,0.177176299373357,0.18996306462197948
upwelling_supported_domain,current_plus_trajectory,2019,0.17188135880122885,0.18270414961963355
upwelling_supported_domain,current_plus_trajectory,2020,0.17558152956422518,0.187891407357926
upwelling_supported_domain,current_plus_trajectory,2021,0.171971493205864,0.1859192518344852
upwelling_supported_domain,current_plus_trajectory,2022,0.1748794772129279,0.18369029177975274
upwelling_supported_domain,current_plus_trajectory,2023,0.1684412632406804,0.1765856561326602
upwelling_supported_domain,current_plus_trajectory,2024,0.17512284879967674,0.18267199154007938
upwelling_supported_domain,trajectory_plus_oisst,2005,0.16674362346215404,0.19995473194837712
upwelling_supported_domain,trajectory_plus_oisst,2006,0.15555182437431903,0.179862254961104
upwelling_supported_domain,trajectory_plus_oisst,2007,0.16057970808249256,0.19520840700433076
upwelling_supported_domain,trajectory_plus_oisst,2008,0.15405627916260636,0.191200172396511
upwelling_supported_domain,trajectory_plus_oisst,2009,0.16912699116142496,0.19920093349019158
upwelling_supported_domain,trajectory_plus_oisst,2010,0.1655242224509831,0.19195197966003516
upwelling_supported_domain,trajectory_plus_oisst,2011,0.16601085326945383,0.199165975911211
upwelling_supported_domain,trajectory_plus_oisst,2012,0.14756516429372862,0.19714139435126013
upwelling_supported_domain,trajectory_plus_oisst,2013,0.16947473737461008,0.20138133423218266
upwelling_supported_domain,trajectory_plus_oisst,2014,0.16270723139190957,0.19293973392040936
upwelling_supported_domain,trajectory_plus_oisst,2015,0.15782817331018328,0.19445653428629295
upwelling_supported_domain,trajectory_plus_oisst,2016,0.15399766847959612,0.18735867429869557
upwelling_supported_domain,trajectory_plus_oisst,2017,0.16004348121815198,0.19582129123607833
upwelling_supported_domain,trajectory_plus_oisst,2018,0.16732622830985497,0.19969704260106355
upwelling_supported_domain,trajectory_plus_oisst,2019,0.16536957948687553,0.19425697618875126
upwelling_supported_domain,trajectory_plus_oisst,2020,0.16508068788157293,0.19740856230222154
upwelling_supported_domain,trajectory_plus_oisst,2021,0.16014175337382944,0.19577773748194222
upwelling_supported_domain,trajectory_plus_oisst,2022,0.16700439539919965,0.1945336470776056
upwelling_supported_domain,trajectory_plus_oisst,2023,0.16090458204168506,0.18743269798525097
upwelling_supported_domain,trajectory_plus_oisst,2024,0.16737616604195615,0.1940671490038232
upwelling_supported_domain,trajectory_plus_oisst_cuti_beuti,2005,0.1632093307179812,0.21337769663128542
upwelling_supported_domain,trajectory_plus_oisst_cuti_beuti,2006,0.14570945717258574,0.18682769619015602
upwelling_supported_domain,trajectory_plus_oisst_cuti_beuti,2007,0.1624737648768115,0.21038444671472062
upwelling_supported_domain,trajectory_plus_oisst_cuti_beuti,2008,0.15278243928262555,0.20603435839231998
upwelling_supported_domain,trajectory_plus_oisst_cuti_beuti,2009,0.16769313820310466,0.21211731477657594
upwelling_supported_domain,trajectory_plus_oisst_cuti_beuti,2010,0.16331061206677658,0.20389190952716194
upwelling_supported_domain,trajectory_plus_oisst_cuti_beuti,2011,0.16345875549019934,0.21579020021538542
upwelling_supported_domain,trajectory_plus_oisst_cuti_beuti,2012,0.14293837215491415,0.21001591306543407
upwelling_supported_domain,trajectory_plus_oisst_cuti_beuti,2013,0.16612721737277564,0.21512682842427128
upwelling_supported_domain,trajectory_plus_oisst_cuti_beuti,2014,0.16029927750959327,0.20656759939035413
upwelling_supported_domain,trajectory_plus_oisst_cuti_beuti,2015,0.15503552110514535,0.20808975351978387
upwelling_supported_domain,trajectory_plus_oisst_cuti_beuti,2016,0.15315747091592075,0.20183801618100536
upwelling_supported_domain,trajectory_plus_oisst_cuti_beuti,2017,0.15867620606476254,0.20770343406752545
upwelling_supported_domain,trajectory_plus_oisst_cuti_beuti,2018,0.16344821947130683,0.21208467175755513
upwelling_supported_domain,trajectory_plus_oisst_cuti_beuti,2019,0.1638447566180274,0.20799699301055752
upwelling_supported_domain,trajectory_plus_oisst_cuti_beuti,2020,0.16319143592335725,0.21094614911358817
upwelling_supported_domain,trajectory_plus_oisst_cuti_beuti,2021,0.16240156398070554,0.20661614708914916
upwelling_supported_domain,trajectory_plus_oisst_cuti_beuti,2022,0.1621593883472881,0.20788216946639257
upwelling_supported_domain,trajectory_plus_oisst_cuti_beuti,2023,0.14830001359407347,0.19168089999746563
upwelling_supported_domain,trajectory_plus_oisst_cuti_beuti,2024,0.16248738697179,0.2066947284517972
