outcome_definition,model,forecast_year,n,events,prevalence,average_precision,ap_lift,recall_top_5pct,recall_top_10pct,recall_top_20pct,recall_top_30pct
annual_max_decline_sensitivity,december_plus_prior_winter_oisst,2005,150,44,0.29333333333333333,0.37114040172824847,0.07780706839491514,0.045454545454545456,0.18181818181818182,0.36363636363636365,0.4318181818181818
annual_max_decline_sensitivity,december_plus_prior_winter_oisst,2006,143,89,0.6223776223776224,0.7832040605703356,0.16082643819271325,0.0898876404494382,0.15730337078651685,0.2696629213483146,0.39325842696629215
annual_max_decline_sensitivity,december_plus_prior_winter_oisst,2007,133,19,0.14285714285714285,0.5735164148172204,0.4306592719600775,0.2631578947368421,0.47368421052631576,0.6842105263157895,0.7368421052631579
annual_max_decline_sensitivity,december_plus_prior_winter_oisst,2008,158,47,0.2974683544303797,0.5778751569425871,0.28040680251220734,0.10638297872340426,0.2765957446808511,0.46808510638297873,0.5957446808510638
annual_max_decline_sensitivity,december_plus_prior_winter_oisst,2009,160,40,0.25,0.5216473335840702,0.2716473335840702,0.15,0.3,0.475,0.525
annual_max_decline_sensitivity,december_plus_prior_winter_oisst,2010,159,79,0.4968553459119497,0.5574837133407944,0.0606283674288447,0.05063291139240506,0.10126582278481013,0.22784810126582278,0.35443037974683544
annual_max_decline_sensitivity,december_plus_prior_winter_oisst,2011,157,77,0.49044585987261147,0.664948424385646,0.17450256451303459,0.09090909090909091,0.15584415584415584,0.2727272727272727,0.42857142857142855
annual_max_decline_sensitivity,december_plus_prior_winter_oisst,2012,140,51,0.36428571428571427,0.5304548229231487,0.16616910863743445,0.0784313725490196,0.1568627450980392,0.3137254901960784,0.45098039215686275
annual_max_decline_sensitivity,december_plus_prior_winter_oisst,2013,144,26,0.18055555555555555,0.4454240656704494,0.2648685101148939,0.15384615384615385,0.3076923076923077,0.5769230769230769,0.6153846153846154
annual_max_decline_sensitivity,december_plus_prior_winter_oisst,2014,151,95,0.6291390728476821,0.7096583807356154,0.08051930788793327,0.05263157894736842,0.12631578947368421,0.22105263157894736,0.3368421052631579
annual_max_decline_sensitivity,december_plus_prior_winter_oisst,2015,132,52,0.3939393939393939,0.5176542100927332,0.12371481615333924,0.057692307692307696,0.19230769230769232,0.36538461538461536,0.4230769230769231
annual_max_decline_sensitivity,december_plus_prior_winter_oisst,2016,108,53,0.49074074074074076,0.7130151564576674,0.2222744157169267,0.11320754716981132,0.20754716981132076,0.32075471698113206,0.41509433962264153
annual_max_decline_sensitivity,december_plus_prior_winter_oisst,2017,108,37,0.3425925925925926,0.6525870049413285,0.30999441234873587,0.10810810810810811,0.21621621621621623,0.43243243243243246,0.5945945945945946
annual_max_decline_sensitivity,december_plus_prior_winter_oisst,2018,122,17,0.13934426229508196,0.27124118594941404,0.1318969236543321,0.11764705882352941,0.23529411764705882,0.35294117647058826,0.47058823529411764
annual_max_decline_sensitivity,december_plus_prior_winter_oisst,2019,134,104,0.7761194029850746,0.9020208825569497,0.12590147957187503,0.0673076923076923,0.1346153846153846,0.25961538461538464,0.375
annual_max_decline_sensitivity,december_plus_prior_winter_oisst,2020,93,29,0.3118279569892473,0.6185062640441363,0.306678307054889,0.13793103448275862,0.27586206896551724,0.4827586206896552,0.6206896551724138
annual_max_decline_sensitivity,december_plus_prior_winter_oisst,2021,117,41,0.3504273504273504,0.4789030274320708,0.1284756770047204,0.0975609756097561,0.17073170731707318,0.2926829268292683,0.36585365853658536
annual_max_decline_sensitivity,december_plus_prior_winter_oisst,2022,117,38,0.3247863247863248,0.5299870545452382,0.2052007297589134,0.07894736842105263,0.18421052631578946,0.42105263157894735,0.47368421052631576
annual_max_decline_sensitivity,december_plus_prior_winter_oisst,2023,110,74,0.6727272727272727,0.8696887053332467,0.19696143260597399,0.08108108108108109,0.13513513513513514,0.25675675675675674,0.3918918918918919
annual_max_decline_sensitivity,december_plus_prior_winter_oisst,2024,87,14,0.16091954022988506,0.3793415549511071,0.21842201472122205,0.14285714285714285,0.21428571428571427,0.42857142857142855,0.5714285714285714
annual_max_decline_sensitivity,march_plus_current_crw5km,2005,150,44,0.29333333333333333,0.3977527837732415,0.10441945043990819,0.045454545454545456,0.1590909090909091,0.3409090909090909,0.4090909090909091
annual_max_decline_sensitivity,march_plus_current_crw5km,2006,143,89,0.6223776223776224,0.6382224044385367,0.01584478206091433,0.07865168539325842,0.12359550561797752,0.16853932584269662,0.24719101123595505
annual_max_decline_sensitivity,march_plus_current_crw5km,2007,133,19,0.14285714285714285,0.49646077147248585,0.353603628615343,0.21052631578947367,0.3157894736842105,0.631578947368421,0.6842105263157895
annual_max_decline_sensitivity,march_plus_current_crw5km,2008,158,47,0.2974683544303797,0.5474352399104061,0.24996688548002638,0.10638297872340426,0.2553191489361702,0.44680851063829785,0.5319148936170213
annual_max_decline_sensitivity,march_plus_current_crw5km,2009,160,40,0.25,0.5146419064300645,0.26464190643006447,0.15,0.3,0.425,0.55
annual_max_decline_sensitivity,march_plus_current_crw5km,2010,159,79,0.4968553459119497,0.5660478541649204,0.06919250825297074,0.05063291139240506,0.11392405063291139,0.24050632911392406,0.34177215189873417
annual_max_decline_sensitivity,march_plus_current_crw5km,2011,157,77,0.49044585987261147,0.6481333511237162,0.1576874912511047,0.09090909090909091,0.14285714285714285,0.2727272727272727,0.4155844155844156
annual_max_decline_sensitivity,march_plus_current_crw5km,2012,140,51,0.36428571428571427,0.5907791463072767,0.2264934320215624,0.0784313725490196,0.19607843137254902,0.37254901960784315,0.49019607843137253
annual_max_decline_sensitivity,march_plus_current_crw5km,2013,144,26,0.18055555555555555,0.46094172781737924,0.2803861722618237,0.11538461538461539,0.34615384615384615,0.5384615384615384,0.6923076923076923
annual_max_decline_sensitivity,march_plus_current_crw5km,2014,151,95,0.6291390728476821,0.6876718992158435,0.05853282636816137,0.05263157894736842,0.11578947368421053,0.23157894736842105,0.3368421052631579
annual_max_decline_sensitivity,march_plus_current_crw5km,2015,132,52,0.3939393939393939,0.5750278889834103,0.18108849504401636,0.09615384615384616,0.21153846153846154,0.36538461538461536,0.4423076923076923
annual_max_decline_sensitivity,march_plus_current_crw5km,2016,108,53,0.49074074074074076,0.7250968387726284,0.23435609803188767,0.11320754716981132,0.20754716981132076,0.33962264150943394,0.4528301886792453
annual_max_decline_sensitivity,march_plus_current_crw5km,2017,108,37,0.3425925925925926,0.6341185822654056,0.291525989672813,0.10810810810810811,0.21621621621621623,0.40540540540540543,0.5945945945945946
annual_max_decline_sensitivity,march_plus_current_crw5km,2018,122,17,0.13934426229508196,0.2789687643343331,0.13962450203925114,0.11764705882352941,0.17647058823529413,0.35294117647058826,0.35294117647058826
annual_max_decline_sensitivity,march_plus_current_crw5km,2019,134,104,0.7761194029850746,0.9063902493105076,0.13027084632543295,0.0673076923076923,0.1346153846153846,0.25,0.375
annual_max_decline_sensitivity,march_plus_current_crw5km,2020,93,29,0.3118279569892473,0.6023049463488591,0.2904769893596118,0.10344827586206896,0.2413793103448276,0.5172413793103449,0.6206896551724138
annual_max_decline_sensitivity,march_plus_current_crw5km,2021,117,41,0.3504273504273504,0.45538849582396324,0.10496114539661283,0.12195121951219512,0.14634146341463414,0.21951219512195122,0.36585365853658536
annual_max_decline_sensitivity,march_plus_current_crw5km,2022,117,38,0.3247863247863248,0.5163917028956105,0.19160537810928574,0.10526315789473684,0.21052631578947367,0.34210526315789475,0.5
annual_max_decline_sensitivity,march_plus_current_crw5km,2023,110,74,0.6727272727272727,0.8833640054168562,0.2106367326895835,0.08108108108108109,0.14864864864864866,0.2702702702702703,0.40540540540540543
annual_max_decline_sensitivity,march_plus_current_crw5km,2024,87,14,0.16091954022988506,0.3826290652715997,0.22170952504171462,0.14285714285714285,0.2857142857142857,0.42857142857142855,0.5714285714285714
annual_max_decline_sensitivity,march_plus_current_crw5km_oisst,2005,150,44,0.29333333333333333,0.4010690578139455,0.10773572448061214,0.045454545454545456,0.1590909090909091,0.3409090909090909,0.4318181818181818
annual_max_decline_sensitivity,march_plus_current_crw5km_oisst,2006,143,89,0.6223776223776224,0.6351579157825369,0.012780293404914489,0.07865168539325842,0.12359550561797752,0.16853932584269662,0.24719101123595505
annual_max_decline_sensitivity,march_plus_current_crw5km_oisst,2007,133,19,0.14285714285714285,0.4879538245677402,0.3450966817105974,0.21052631578947367,0.3157894736842105,0.631578947368421,0.7368421052631579
annual_max_decline_sensitivity,march_plus_current_crw5km_oisst,2008,158,47,0.2974683544303797,0.555118356152239,0.2576500017218593,0.10638297872340426,0.2553191489361702,0.46808510638297873,0.5319148936170213
annual_max_decline_sensitivity,march_plus_current_crw5km_oisst,2009,160,40,0.25,0.4917486326274584,0.24174863262745838,0.15,0.275,0.4,0.5
annual_max_decline_sensitivity,march_plus_current_crw5km_oisst,2010,159,79,0.4968553459119497,0.5750362489065746,0.07818090299462488,0.05063291139240506,0.11392405063291139,0.24050632911392406,0.3670886075949367
annual_max_decline_sensitivity,march_plus_current_crw5km_oisst,2011,157,77,0.49044585987261147,0.659920039971448,0.16947418009883652,0.09090909090909091,0.12987012987012986,0.2727272727272727,0.42857142857142855
annual_max_decline_sensitivity,march_plus_current_crw5km_oisst,2012,140,51,0.36428571428571427,0.5755045771654068,0.21121886287969255,0.0784313725490196,0.17647058823529413,0.3137254901960784,0.5294117647058824
annual_max_decline_sensitivity,march_plus_current_crw5km_oisst,2013,144,26,0.18055555555555555,0.4549150731754622,0.2743595176199066,0.11538461538461539,0.34615384615384615,0.5769230769230769,0.6153846153846154
annual_max_decline_sensitivity,march_plus_current_crw5km_oisst,2014,151,95,0.6291390728476821,0.6956821034012535,0.06654303055357136,0.05263157894736842,0.11578947368421053,0.22105263157894736,0.3473684210526316
annual_max_decline_sensitivity,march_plus_current_crw5km_oisst,2015,132,52,0.3939393939393939,0.5515672418286086,0.1576278478892147,0.09615384615384616,0.19230769230769232,0.36538461538461536,0.4423076923076923
annual_max_decline_sensitivity,march_plus_current_crw5km_oisst,2016,108,53,0.49074074074074076,0.7268137870212499,0.23607304628050912,0.11320754716981132,0.20754716981132076,0.32075471698113206,0.4339622641509434
annual_max_decline_sensitivity,march_plus_current_crw5km_oisst,2017,108,37,0.3425925925925926,0.6126281523993039,0.2700355598067113,0.10810810810810811,0.1891891891891892,0.40540540540540543,0.5675675675675675
annual_max_decline_sensitivity,march_plus_current_crw5km_oisst,2018,122,17,0.13934426229508196,0.23976152184657512,0.10041725955149317,0.11764705882352941,0.11764705882352941,0.35294117647058826,0.4117647058823529
annual_max_decline_sensitivity,march_plus_current_crw5km_oisst,2019,134,104,0.7761194029850746,0.9077609802347063,0.13164157724963166,0.0673076923076923,0.1346153846153846,0.25,0.375
annual_max_decline_sensitivity,march_plus_current_crw5km_oisst,2020,93,29,0.3118279569892473,0.6172688594185974,0.3054409024293501,0.10344827586206896,0.2413793103448276,0.4827586206896552,0.6206896551724138
annual_max_decline_sensitivity,march_plus_current_crw5km_oisst,2021,117,41,0.3504273504273504,0.5065777842629929,0.15615043383564253,0.0975609756097561,0.1951219512195122,0.2926829268292683,0.4146341463414634
annual_max_decline_sensitivity,march_plus_current_crw5km_oisst,2022,117,38,0.3247863247863248,0.5302058719214403,0.2054195471351155,0.10526315789473684,0.23684210526315788,0.34210526315789475,0.5
annual_max_decline_sensitivity,march_plus_current_crw5km_oisst,2023,110,74,0.6727272727272727,0.8756443699946295,0.20291709726735674,0.08108108108108109,0.14864864864864866,0.2702702702702703,0.3918918918918919
annual_max_decline_sensitivity,march_plus_current_crw5km_oisst,2024,87,14,0.16091954022988506,0.4209392684654608,0.26001972823557573,0.21428571428571427,0.21428571428571427,0.5714285714285714,0.6428571428571429
annual_max_decline_sensitivity,march_plus_current_winter_oisst,2005,150,44,0.29333333333333333,0.4112061021131346,0.11787276877980124,0.045454545454545456,0.1590909090909091,0.3409090909090909,0.45454545454545453
annual_max_decline_sensitivity,march_plus_current_winter_oisst,2006,143,89,0.6223776223776224,0.6782830542076543,0.05590543183003194,0.0898876404494382,0.1348314606741573,0.20224719101123595,0.2696629213483146
annual_max_decline_sensitivity,march_plus_current_winter_oisst,2007,133,19,0.14285714285714285,0.5114619932782034,0.36860485042106056,0.21052631578947367,0.42105263157894735,0.631578947368421,0.7894736842105263
annual_max_decline_sensitivity,march_plus_current_winter_oisst,2008,158,47,0.2974683544303797,0.577358444073222,0.2798900896428423,0.10638297872340426,0.2765957446808511,0.46808510638297873,0.5957446808510638
annual_max_decline_sensitivity,march_plus_current_winter_oisst,2009,160,40,0.25,0.4803309689338514,0.2303309689338514,0.15,0.275,0.4,0.475
annual_max_decline_sensitivity,march_plus_current_winter_oisst,2010,159,79,0.4968553459119497,0.5857092487303157,0.08885390281836603,0.05063291139240506,0.11392405063291139,0.24050632911392406,0.379746835443038
annual_max_decline_sensitivity,march_plus_current_winter_oisst,2011,157,77,0.49044585987261147,0.6581927894807824,0.16774692960817095,0.09090909090909091,0.12987012987012986,0.2727272727272727,0.42857142857142855
annual_max_decline_sensitivity,march_plus_current_winter_oisst,2012,140,51,0.36428571428571427,0.5836091842986704,0.2193234700129561,0.0784313725490196,0.17647058823529413,0.3137254901960784,0.5294117647058824
annual_max_decline_sensitivity,march_plus_current_winter_oisst,2013,144,26,0.18055555555555555,0.4523165550072111,0.27176099945165555,0.11538461538461539,0.34615384615384615,0.5769230769230769,0.6153846153846154
annual_max_decline_sensitivity,march_plus_current_winter_oisst,2014,151,95,0.6291390728476821,0.6972948176970127,0.06815574484933062,0.05263157894736842,0.11578947368421053,0.22105263157894736,0.3473684210526316
annual_max_decline_sensitivity,march_plus_current_winter_oisst,2015,132,52,0.3939393939393939,0.5577495307670322,0.16381013682763823,0.09615384615384616,0.19230769230769232,0.34615384615384615,0.4423076923076923
annual_max_decline_sensitivity,march_plus_current_winter_oisst,2016,108,53,0.49074074074074076,0.7237638429744842,0.2330231022337434,0.11320754716981132,0.20754716981132076,0.33962264150943394,0.4339622641509434
annual_max_decline_sensitivity,march_plus_current_winter_oisst,2017,108,37,0.3425925925925926,0.6460937618847644,0.3035011692921718,0.10810810810810811,0.21621621621621623,0.43243243243243246,0.5945945945945946
annual_max_decline_sensitivity,march_plus_current_winter_oisst,2018,122,17,0.13934426229508196,0.2437029934940828,0.10435873119900085,0.058823529411764705,0.17647058823529413,0.35294117647058826,0.4117647058823529
annual_max_decline_sensitivity,march_plus_current_winter_oisst,2019,134,104,0.7761194029850746,0.9073327706268228,0.13121336764174818,0.0673076923076923,0.1346153846153846,0.25,0.375
annual_max_decline_sensitivity,march_plus_current_winter_oisst,2020,93,29,0.3118279569892473,0.611282395779357,0.29945443879010963,0.10344827586206896,0.2413793103448276,0.4827586206896552,0.6551724137931034
annual_max_decline_sensitivity,march_plus_current_winter_oisst,2021,117,41,0.3504273504273504,0.500812085758081,0.1503847353307306,0.0975609756097561,0.1951219512195122,0.2926829268292683,0.3902439024390244
annual_max_decline_sensitivity,march_plus_current_winter_oisst,2022,117,38,0.3247863247863248,0.5280258396408013,0.2032395148544765,0.10526315789473684,0.21052631578947367,0.34210526315789475,0.5
annual_max_decline_sensitivity,march_plus_current_winter_oisst,2023,110,74,0.6727272727272727,0.8758398126483975,0.20311253992112477,0.08108108108108109,0.14864864864864866,0.2702702702702703,0.40540540540540543
annual_max_decline_sensitivity,march_plus_current_winter_oisst,2024,87,14,0.16091954022988506,0.38998317555042594,0.2290636353205409,0.21428571428571427,0.21428571428571427,0.42857142857142855,0.5714285714285714
annual_max_decline_sensitivity,prior_current,2005,150,44,0.29333333333333333,0.38547409930678245,0.09214076597344911,0.045454545454545456,0.18181818181818182,0.3409090909090909,0.4318181818181818
annual_max_decline_sensitivity,prior_current,2006,143,89,0.6223776223776224,0.7758299952017771,0.1534523728241547,0.07865168539325842,0.14606741573033707,0.2696629213483146,0.38202247191011235
annual_max_decline_sensitivity,prior_current,2007,133,19,0.14285714285714285,0.4541639749514663,0.31130683209432347,0.15789473684210525,0.3684210526315789,0.5789473684210527,0.7368421052631579
annual_max_decline_sensitivity,prior_current,2008,158,47,0.2974683544303797,0.5411822268825064,0.24371387245212667,0.10638297872340426,0.2553191489361702,0.44680851063829785,0.48936170212765956
annual_max_decline_sensitivity,prior_current,2009,160,40,0.25,0.5085627134872788,0.2585627134872788,0.15,0.275,0.45,0.55
annual_max_decline_sensitivity,prior_current,2010,159,79,0.4968553459119497,0.6060532137771595,0.1091978678652098,0.0379746835443038,0.11392405063291139,0.21518987341772153,0.3670886075949367
annual_max_decline_sensitivity,prior_current,2011,157,77,0.49044585987261147,0.6582030150480642,0.16775715517545275,0.07792207792207792,0.15584415584415584,0.2987012987012987,0.4155844155844156
annual_max_decline_sensitivity,prior_current,2012,140,51,0.36428571428571427,0.5597101373808908,0.19542442309517655,0.0784313725490196,0.17647058823529413,0.37254901960784315,0.47058823529411764
annual_max_decline_sensitivity,prior_current,2013,144,26,0.18055555555555555,0.4829660789961684,0.3024105234406128,0.19230769230769232,0.3076923076923077,0.5384615384615384,0.6538461538461539
annual_max_decline_sensitivity,prior_current,2014,151,95,0.6291390728476821,0.7311778887910907,0.10203881594340858,0.06315789473684211,0.1368421052631579,0.2631578947368421,0.3894736842105263
annual_max_decline_sensitivity,prior_current,2015,132,52,0.3939393939393939,0.5486369669177754,0.1546975729783815,0.07692307692307693,0.19230769230769232,0.36538461538461536,0.4230769230769231
annual_max_decline_sensitivity,prior_current,2016,108,53,0.49074074074074076,0.7463023079517541,0.25556156721101336,0.11320754716981132,0.20754716981132076,0.32075471698113206,0.4339622641509434
annual_max_decline_sensitivity,prior_current,2017,108,37,0.3425925925925926,0.6448209565139773,0.3022283639213847,0.13513513513513514,0.24324324324324326,0.40540540540540543,0.5135135135135135
annual_max_decline_sensitivity,prior_current,2018,122,17,0.13934426229508196,0.2161658967927149,0.07682163449763293,0.058823529411764705,0.23529411764705882,0.35294117647058826,0.4117647058823529
annual_max_decline_sensitivity,prior_current,2019,134,104,0.7761194029850746,0.8732561231455335,0.09713672016045882,0.0673076923076923,0.1346153846153846,0.25961538461538464,0.34615384615384615
annual_max_decline_sensitivity,prior_current,2020,93,29,0.3118279569892473,0.5814123286128853,0.26958437162363796,0.13793103448275862,0.3103448275862069,0.4482758620689655,0.5172413793103449
annual_max_decline_sensitivity,prior_current,2021,117,41,0.3504273504273504,0.4143322566978065,0.06390490627045609,0.07317073170731707,0.12195121951219512,0.21951219512195122,0.3170731707317073
annual_max_decline_sensitivity,prior_current,2022,117,38,0.3247863247863248,0.47984010640058816,0.15505378161426336,0.05263157894736842,0.15789473684210525,0.39473684210526316,0.5263157894736842
annual_max_decline_sensitivity,prior_current,2023,110,74,0.6727272727272727,0.8451067916336338,0.17237951890636105,0.08108108108108109,0.14864864864864866,0.2702702702702703,0.4189189189189189
annual_max_decline_sensitivity,prior_current,2024,87,14,0.16091954022988506,0.2501762738330914,0.08925673360320632,0.14285714285714285,0.14285714285714285,0.35714285714285715,0.42857142857142855
annual_max_decline_sensitivity,prior_trajectory,2005,150,44,0.29333333333333333,0.36868698227324004,0.0753536489399067,0.045454545454545456,0.18181818181818182,0.36363636363636365,0.4318181818181818
annual_max_decline_sensitivity,prior_trajectory,2006,143,89,0.6223776223776224,0.7823605709449274,0.159982948567305,0.0898876404494382,0.15730337078651685,0.2696629213483146,0.39325842696629215
annual_max_decline_sensitivity,prior_trajectory,2007,133,19,0.14285714285714285,0.5492231634582441,0.4063660206011012,0.2631578947368421,0.42105263157894735,0.7368421052631579,0.7368421052631579
annual_max_decline_sensitivity,prior_trajectory,2008,158,47,0.2974683544303797,0.573600496574246,0.27613214214386633,0.10638297872340426,0.2765957446808511,0.44680851063829785,0.5957446808510638
annual_max_decline_sensitivity,prior_trajectory,2009,160,40,0.25,0.5261168140477414,0.27611681404774135,0.15,0.3,0.475,0.55
annual_max_decline_sensitivity,prior_trajectory,2010,159,79,0.4968553459119497,0.5630218142065113,0.06616646829456163,0.0379746835443038,0.11392405063291139,0.22784810126582278,0.35443037974683544
annual_max_decline_sensitivity,prior_trajectory,2011,157,77,0.49044585987261147,0.6653723538522658,0.17492649397965432,0.06493506493506493,0.15584415584415584,0.2727272727272727,0.42857142857142855
annual_max_decline_sensitivity,prior_trajectory,2012,140,51,0.36428571428571427,0.5188536476512841,0.1545679333655698,0.058823529411764705,0.1568627450980392,0.3137254901960784,0.43137254901960786
annual_max_decline_sensitivity,prior_trajectory,2013,144,26,0.18055555555555555,0.45945460347710765,0.27889904792155207,0.19230769230769232,0.3076923076923077,0.5769230769230769,0.6153846153846154
annual_max_decline_sensitivity,prior_trajectory,2014,151,95,0.6291390728476821,0.7192191107484053,0.09008003790072316,0.06315789473684211,0.1368421052631579,0.22105263157894736,0.3684210526315789
annual_max_decline_sensitivity,prior_trajectory,2015,132,52,0.3939393939393939,0.5222506321726028,0.1283112382332089,0.07692307692307693,0.19230769230769232,0.36538461538461536,0.4230769230769231
annual_max_decline_sensitivity,prior_trajectory,2016,108,53,0.49074074074074076,0.7185515793533828,0.227810838612642,0.11320754716981132,0.20754716981132076,0.32075471698113206,0.41509433962264153
annual_max_decline_sensitivity,prior_trajectory,2017,108,37,0.3425925925925926,0.6641423852724211,0.32154979267982847,0.10810810810810811,0.21621621621621623,0.43243243243243246,0.5945945945945946
annual_max_decline_sensitivity,prior_trajectory,2018,122,17,0.13934426229508196,0.26983547194892965,0.1304912096538477,0.11764705882352941,0.23529411764705882,0.29411764705882354,0.47058823529411764
annual_max_decline_sensitivity,prior_trajectory,2019,134,104,0.7761194029850746,0.8991362128030272,0.1230168098179526,0.0673076923076923,0.1346153846153846,0.25961538461538464,0.375
annual_max_decline_sensitivity,prior_trajectory,2020,93,29,0.3118279569892473,0.6350650016264601,0.32323704463721276,0.13793103448275862,0.27586206896551724,0.5172413793103449,0.6551724137931034
annual_max_decline_sensitivity,prior_trajectory,2021,117,41,0.3504273504273504,0.46728559787496504,0.11685824744761464,0.0975609756097561,0.17073170731707318,0.2926829268292683,0.34146341463414637
annual_max_decline_sensitivity,prior_trajectory,2022,117,38,0.3247863247863248,0.5135642942732335,0.18877796948690867,0.07894736842105263,0.18421052631578946,0.3684210526315789,0.4473684210526316
annual_max_decline_sensitivity,prior_trajectory,2023,110,74,0.6727272727272727,0.878268432267876,0.20554115954060326,0.08108108108108109,0.13513513513513514,0.2702702702702703,0.3918918918918919
annual_max_decline_sensitivity,prior_trajectory,2024,87,14,0.16091954022988506,0.35985368571964327,0.1989341454897582,0.14285714285714285,0.21428571428571427,0.42857142857142855,0.5714285714285714
q23_year_over_year_decline,december_plus_prior_winter_oisst,2005,145,45,0.3103448275862069,0.3639441695410278,0.05359934195482091,0.044444444444444446,0.15555555555555556,0.3333333333333333,0.4222222222222222
q23_year_over_year_decline,december_plus_prior_winter_oisst,2006,136,88,0.6470588235294118,0.7717134783326092,0.12465465480319737,0.07954545454545454,0.14772727272727273,0.25,0.36363636363636365
q23_year_over_year_decline,december_plus_prior_winter_oisst,2007,108,20,0.18518518518518517,0.6006342365270022,0.41544905134181703,0.2,0.4,0.6,0.75
q23_year_over_year_decline,december_plus_prior_winter_oisst,2008,153,48,0.3137254901960784,0.605677843853738,0.2919523536576596,0.125,0.2708333333333333,0.5,0.5416666666666666
q23_year_over_year_decline,december_plus_prior_winter_oisst,2009,152,43,0.28289473684210525,0.47956916598720023,0.19667442914509498,0.13953488372093023,0.2558139534883721,0.3953488372093023,0.46511627906976744
q23_year_over_year_decline,december_plus_prior_winter_oisst,2010,151,76,0.5033112582781457,0.5748122434053237,0.07150098512717795,0.06578947368421052,0.11842105263157894,0.25,0.3684210526315789
q23_year_over_year_decline,december_plus_prior_winter_oisst,2011,150,80,0.5333333333333333,0.6932151172441612,0.15988178391082786,0.075,0.1375,0.2625,0.4
q23_year_over_year_decline,december_plus_prior_winter_oisst,2012,121,43,0.35537190082644626,0.5057254994197115,0.1503535985932652,0.09302325581395349,0.18604651162790697,0.3023255813953488,0.4186046511627907
q23_year_over_year_decline,december_plus_prior_winter_oisst,2013,125,25,0.2,0.4555880912625892,0.2555880912625892,0.12,0.32,0.6,0.64
q23_year_over_year_decline,december_plus_prior_winter_oisst,2014,146,92,0.6301369863013698,0.7469233909647591,0.1167864046633893,0.06521739130434782,0.13043478260869565,0.2391304347826087,0.33695652173913043
q23_year_over_year_decline,december_plus_prior_winter_oisst,2015,124,45,0.3629032258064516,0.45949568481662206,0.09659245901017044,0.044444444444444446,0.17777777777777778,0.3111111111111111,0.4444444444444444
q23_year_over_year_decline,december_plus_prior_winter_oisst,2016,109,55,0.5045871559633027,0.701905482571347,0.19731832660804427,0.10909090909090909,0.2,0.2909090909090909,0.4
q23_year_over_year_decline,december_plus_prior_winter_oisst,2017,99,38,0.3838383838383838,0.6352202812420633,0.2513818974036795,0.07894736842105263,0.18421052631578946,0.3684210526315789,0.5526315789473685
q23_year_over_year_decline,december_plus_prior_winter_oisst,2018,118,16,0.13559322033898305,0.28716074804568903,0.15156752770670598,0.125,0.1875,0.3125,0.5
q23_year_over_year_decline,december_plus_prior_winter_oisst,2019,128,98,0.765625,0.8863127376614851,0.1206877376614851,0.07142857142857142,0.12244897959183673,0.25510204081632654,0.3673469387755102
q23_year_over_year_decline,december_plus_prior_winter_oisst,2020,93,29,0.3118279569892473,0.6189552665211491,0.30712730953190176,0.13793103448275862,0.2413793103448276,0.4827586206896552,0.6206896551724138
q23_year_over_year_decline,december_plus_prior_winter_oisst,2021,116,41,0.35344827586206895,0.4623647690243198,0.10891649316225083,0.0975609756097561,0.14634146341463414,0.2682926829268293,0.34146341463414637
q23_year_over_year_decline,december_plus_prior_winter_oisst,2022,112,38,0.3392857142857143,0.5509388722904491,0.21165315800473483,0.07894736842105263,0.21052631578947367,0.39473684210526316,0.4473684210526316
q23_year_over_year_decline,december_plus_prior_winter_oisst,2023,108,73,0.6759259259259259,0.8699182490209898,0.19399232309506387,0.0821917808219178,0.136986301369863,0.2602739726027397,0.3972602739726027
q23_year_over_year_decline,december_plus_prior_winter_oisst,2024,84,16,0.19047619047619047,0.3142006397691408,0.12372444929295034,0.0625,0.1875,0.25,0.4375
q23_year_over_year_decline,march_plus_current_crw5km,2005,145,45,0.3103448275862069,0.3872924223340707,0.07694759474786378,0.044444444444444446,0.13333333333333333,0.28888888888888886,0.4
q23_year_over_year_decline,march_plus_current_crw5km,2006,136,88,0.6470588235294118,0.6480155997591627,0.0009567762297508775,0.06818181818181818,0.10227272727272728,0.17045454545454544,0.25
q23_year_over_year_decline,march_plus_current_crw5km,2007,108,20,0.18518518518518517,0.5812493955419074,0.3960642103567222,0.2,0.35,0.55,0.7
q23_year_over_year_decline,march_plus_current_crw5km,2008,153,48,0.3137254901960784,0.5714145134956382,0.2576890232995598,0.125,0.2708333333333333,0.4375,0.5208333333333334
q23_year_over_year_decline,march_plus_current_crw5km,2009,152,43,0.28289473684210525,0.4755159162950927,0.19262117945298746,0.13953488372093023,0.2558139534883721,0.37209302325581395,0.46511627906976744
q23_year_over_year_decline,march_plus_current_crw5km,2010,151,76,0.5033112582781457,0.5834678769712813,0.08015661869313562,0.06578947368421052,0.13157894736842105,0.2631578947368421,0.3815789473684211
q23_year_over_year_decline,march_plus_current_crw5km,2011,150,80,0.5333333333333333,0.6546340638936308,0.12130073056029744,0.075,0.125,0.2375,0.3875
q23_year_over_year_decline,march_plus_current_crw5km,2012,121,43,0.35537190082644626,0.5394389411077332,0.1840670402812869,0.09302325581395349,0.20930232558139536,0.3023255813953488,0.4186046511627907
q23_year_over_year_decline,march_plus_current_crw5km,2013,125,25,0.2,0.4626827224590784,0.26268272245907837,0.12,0.32,0.56,0.72
q23_year_over_year_decline,march_plus_current_crw5km,2014,146,92,0.6301369863013698,0.7224488381691092,0.09231185186773938,0.06521739130434782,0.11956521739130435,0.22826086956521738,0.33695652173913043
q23_year_over_year_decline,march_plus_current_crw5km,2015,124,45,0.3629032258064516,0.5186210583341442,0.15571783252769256,0.08888888888888889,0.2222222222222222,0.37777777777777777,0.4444444444444444
q23_year_over_year_decline,march_plus_current_crw5km,2016,109,55,0.5045871559633027,0.7122094634029692,0.20762230743966648,0.10909090909090909,0.18181818181818182,0.2909090909090909,0.41818181818181815
q23_year_over_year_decline,march_plus_current_crw5km,2017,99,38,0.3838383838383838,0.6131698750519584,0.2293314912135746,0.10526315789473684,0.15789473684210525,0.3684210526315789,0.5263157894736842
q23_year_over_year_decline,march_plus_current_crw5km,2018,118,16,0.13559322033898305,0.28576979892699017,0.15017657858800712,0.125,0.25,0.375,0.375
q23_year_over_year_decline,march_plus_current_crw5km,2019,128,98,0.765625,0.8935591703986845,0.1279341703986845,0.07142857142857142,0.1326530612244898,0.25510204081632654,0.3673469387755102
q23_year_over_year_decline,march_plus_current_crw5km,2020,93,29,0.3118279569892473,0.6052685987137674,0.29344064172452006,0.10344827586206896,0.20689655172413793,0.4827586206896552,0.6206896551724138
q23_year_over_year_decline,march_plus_current_crw5km,2021,116,41,0.35344827586206895,0.44634610839316247,0.09289783253109352,0.0975609756097561,0.17073170731707318,0.24390243902439024,0.34146341463414637
q23_year_over_year_decline,march_plus_current_crw5km,2022,112,38,0.3392857142857143,0.5320875247368972,0.19280181045118294,0.10526315789473684,0.23684210526315788,0.3157894736842105,0.47368421052631576
q23_year_over_year_decline,march_plus_current_crw5km,2023,108,73,0.6759259259259259,0.8869592749698649,0.211033349043939,0.0821917808219178,0.1506849315068493,0.273972602739726,0.410958904109589
q23_year_over_year_decline,march_plus_current_crw5km,2024,84,16,0.19047619047619047,0.32223447132271504,0.13175828084652458,0.0625,0.1875,0.25,0.4375
q23_year_over_year_decline,march_plus_current_crw5km_oisst,2005,145,45,0.3103448275862069,0.3911559336315134,0.0808111060453065,0.044444444444444446,0.13333333333333333,0.28888888888888886,0.4222222222222222
q23_year_over_year_decline,march_plus_current_crw5km_oisst,2006,136,88,0.6470588235294118,0.6541094864536413,0.007050662924229512,0.06818181818181818,0.11363636363636363,0.17045454545454544,0.25
q23_year_over_year_decline,march_plus_current_crw5km_oisst,2007,108,20,0.18518518518518517,0.5652205396942239,0.38003535450903875,0.25,0.35,0.55,0.75
q23_year_over_year_decline,march_plus_current_crw5km_oisst,2008,153,48,0.3137254901960784,0.587766286240961,0.2740407960448825,0.125,0.2708333333333333,0.4583333333333333,0.5416666666666666
q23_year_over_year_decline,march_plus_current_crw5km_oisst,2009,152,43,0.28289473684210525,0.4381107774390899,0.15521604059698463,0.13953488372093023,0.20930232558139536,0.3488372093023256,0.4186046511627907
q23_year_over_year_decline,march_plus_current_crw5km_oisst,2010,151,76,0.5033112582781457,0.5980444539878939,0.09473319570974814,0.06578947368421052,0.14473684210526316,0.2631578947368421,0.3815789473684211
q23_year_over_year_decline,march_plus_current_crw5km_oisst,2011,150,80,0.5333333333333333,0.6728199022189288,0.13948656888559552,0.075,0.125,0.25,0.375
q23_year_over_year_decline,march_plus_current_crw5km_oisst,2012,121,43,0.35537190082644626,0.5185033835087485,0.1631314826823022,0.09302325581395349,0.16279069767441862,0.3023255813953488,0.5116279069767442
q23_year_over_year_decline,march_plus_current_crw5km_oisst,2013,125,25,0.2,0.43924480110246433,0.23924480110246432,0.12,0.32,0.56,0.6
q23_year_over_year_decline,march_plus_current_crw5km_oisst,2014,146,92,0.6301369863013698,0.7384443957295411,0.1083074094281713,0.05434782608695652,0.11956521739130435,0.2391304347826087,0.34782608695652173
q23_year_over_year_decline,march_plus_current_crw5km_oisst,2015,124,45,0.3629032258064516,0.5029878402839146,0.140084614477463,0.08888888888888889,0.2,0.3111111111111111,0.4444444444444444
q23_year_over_year_decline,march_plus_current_crw5km_oisst,2016,109,55,0.5045871559633027,0.7269453627878368,0.2223582068245341,0.10909090909090909,0.2,0.32727272727272727,0.4
q23_year_over_year_decline,march_plus_current_crw5km_oisst,2017,99,38,0.3838383838383838,0.6022422599639731,0.21840387612558926,0.07894736842105263,0.15789473684210525,0.3684210526315789,0.5
q23_year_over_year_decline,march_plus_current_crw5km_oisst,2018,118,16,0.13559322033898305,0.23764401964969872,0.10205079931071567,0.0625,0.125,0.375,0.375
q23_year_over_year_decline,march_plus_current_crw5km_oisst,2019,128,98,0.765625,0.8883232209126755,0.12269822091267546,0.07142857142857142,0.12244897959183673,0.24489795918367346,0.3673469387755102
q23_year_over_year_decline,march_plus_current_crw5km_oisst,2020,93,29,0.3118279569892473,0.6181199257599511,0.3062919687707038,0.10344827586206896,0.2413793103448276,0.4482758620689655,0.6206896551724138
q23_year_over_year_decline,march_plus_current_crw5km_oisst,2021,116,41,0.35344827586206895,0.5169399007972822,0.1634916249352133,0.0975609756097561,0.21951219512195122,0.2926829268292683,0.43902439024390244
q23_year_over_year_decline,march_plus_current_crw5km_oisst,2022,112,38,0.3392857142857143,0.5558772254985955,0.21659151121288123,0.13157894736842105,0.21052631578947367,0.3684210526315789,0.47368421052631576
q23_year_over_year_decline,march_plus_current_crw5km_oisst,2023,108,73,0.6759259259259259,0.8663890765668472,0.19046315064092123,0.0821917808219178,0.136986301369863,0.2602739726027397,0.3972602739726027
q23_year_over_year_decline,march_plus_current_crw5km_oisst,2024,84,16,0.19047619047619047,0.36794816888063125,0.1774719784044408,0.125,0.125,0.375,0.5
q23_year_over_year_decline,march_plus_current_winter_oisst,2005,145,45,0.3103448275862069,0.40075824163780427,0.09041341405159736,0.044444444444444446,0.15555555555555556,0.3111111111111111,0.4222222222222222
q23_year_over_year_decline,march_plus_current_winter_oisst,2006,136,88,0.6470588235294118,0.683354120113782,0.03629529658437025,0.07954545454545454,0.11363636363636363,0.19318181818181818,0.25
q23_year_over_year_decline,march_plus_current_winter_oisst,2007,108,20,0.18518518518518517,0.5634877083325851,0.3783025231473999,0.2,0.35,0.55,0.7
q23_year_over_year_decline,march_plus_current_winter_oisst,2008,153,48,0.3137254901960784,0.5985924667495214,0.28486697655344295,0.125,0.25,0.4583333333333333,0.5416666666666666
q23_year_over_year_decline,march_plus_current_winter_oisst,2009,152,43,0.28289473684210525,0.4406976126045188,0.15780287576241353,0.13953488372093023,0.23255813953488372,0.3488372093023256,0.3953488372093023
q23_year_over_year_decline,march_plus_current_winter_oisst,2010,151,76,0.5033112582781457,0.605524986778576,0.10221372850043031,0.06578947368421052,0.14473684210526316,0.2631578947368421,0.3815789473684211
q23_year_over_year_decline,march_plus_current_winter_oisst,2011,150,80,0.5333333333333333,0.6727357785433729,0.13940244521003953,0.0875,0.125,0.2375,0.375
q23_year_over_year_decline,march_plus_current_winter_oisst,2012,121,43,0.35537190082644626,0.5298432765062144,0.17447137567976817,0.09302325581395349,0.16279069767441862,0.3023255813953488,0.4883720930232558
q23_year_over_year_decline,march_plus_current_winter_oisst,2013,125,25,0.2,0.45067495788239914,0.25067495788239913,0.12,0.32,0.56,0.64
q23_year_over_year_decline,march_plus_current_winter_oisst,2014,146,92,0.6301369863013698,0.7335288424405275,0.10339185613915769,0.06521739130434782,0.11956521739130435,0.22826086956521738,0.34782608695652173
q23_year_over_year_decline,march_plus_current_winter_oisst,2015,124,45,0.3629032258064516,0.5101199761356329,0.14721675032918125,0.08888888888888889,0.2222222222222222,0.3333333333333333,0.4444444444444444
q23_year_over_year_decline,march_plus_current_winter_oisst,2016,109,55,0.5045871559633027,0.719097579991406,0.21451042402810327,0.10909090909090909,0.2,0.3090909090909091,0.41818181818181815
q23_year_over_year_decline,march_plus_current_winter_oisst,2017,99,38,0.3838383838383838,0.6240592468401801,0.2402208630017963,0.07894736842105263,0.15789473684210525,0.3684210526315789,0.5263157894736842
q23_year_over_year_decline,march_plus_current_winter_oisst,2018,118,16,0.13559322033898305,0.24990218497450617,0.11430896463552312,0.0625,0.125,0.375,0.375
q23_year_over_year_decline,march_plus_current_winter_oisst,2019,128,98,0.765625,0.8885361650319321,0.12291116503193211,0.07142857142857142,0.12244897959183673,0.24489795918367346,0.3673469387755102
q23_year_over_year_decline,march_plus_current_winter_oisst,2020,93,29,0.3118279569892473,0.6100600100790867,0.2982320530898394,0.10344827586206896,0.2413793103448276,0.4827586206896552,0.6551724137931034
q23_year_over_year_decline,march_plus_current_winter_oisst,2021,116,41,0.35344827586206895,0.4969798007522751,0.14353152489020615,0.0975609756097561,0.21951219512195122,0.2926829268292683,0.3902439024390244
q23_year_over_year_decline,march_plus_current_winter_oisst,2022,112,38,0.3392857142857143,0.5489828133930156,0.20969709910730128,0.10526315789473684,0.21052631578947367,0.3684210526315789,0.47368421052631576
q23_year_over_year_decline,march_plus_current_winter_oisst,2023,108,73,0.6759259259259259,0.8791156284259962,0.2031897025000703,0.0821917808219178,0.136986301369863,0.273972602739726,0.3972602739726027
q23_year_over_year_decline,march_plus_current_winter_oisst,2024,84,16,0.19047619047619047,0.32323802996595996,0.1327618394897695,0.125,0.1875,0.25,0.5
q23_year_over_year_decline,prior_current,2005,145,45,0.3103448275862069,0.3848288129566796,0.07448398537047268,0.044444444444444446,0.17777777777777778,0.3111111111111111,0.4222222222222222
q23_year_over_year_decline,prior_current,2006,136,88,0.6470588235294118,0.753234341982423,0.10617551845301121,0.06818181818181818,0.13636363636363635,0.26136363636363635,0.36363636363636365
q23_year_over_year_decline,prior_current,2007,108,20,0.18518518518518517,0.5441440757138415,0.3589588905286563,0.2,0.35,0.55,0.65
q23_year_over_year_decline,prior_current,2008,153,48,0.3137254901960784,0.5761627244483516,0.26243723425227317,0.125,0.2708333333333333,0.4583333333333333,0.5
q23_year_over_year_decline,prior_current,2009,152,43,0.28289473684210525,0.4776527019072123,0.19475796506510706,0.11627906976744186,0.23255813953488372,0.3953488372093023,0.4883720930232558
q23_year_over_year_decline,prior_current,2010,151,76,0.5033112582781457,0.6390551419389152,0.1357438836607695,0.05263157894736842,0.14473684210526316,0.23684210526315788,0.39473684210526316
q23_year_over_year_decline,prior_current,2011,150,80,0.5333333333333333,0.7005402140489346,0.1672068807156013,0.075,0.15,0.2625,0.375
q23_year_over_year_decline,prior_current,2012,121,43,0.35537190082644626,0.4565461824333244,0.10117428160687814,0.046511627906976744,0.13953488372093023,0.32558139534883723,0.4186046511627907
q23_year_over_year_decline,prior_current,2013,125,25,0.2,0.45939709557359154,0.25939709557359153,0.16,0.28,0.52,0.64
q23_year_over_year_decline,prior_current,2014,146,92,0.6301369863013698,0.7634311805923721,0.1332941942910023,0.07608695652173914,0.14130434782608695,0.2608695652173913,0.391304347826087
q23_year_over_year_decline,prior_current,2015,124,45,0.3629032258064516,0.49377374581429834,0.1308705200078467,0.06666666666666667,0.17777777777777778,0.37777777777777777,0.4222222222222222
q23_year_over_year_decline,prior_current,2016,109,55,0.5045871559633027,0.7422979540772933,0.23771079811399054,0.10909090909090909,0.2,0.3090909090909091,0.41818181818181815
q23_year_over_year_decline,prior_current,2017,99,38,0.3838383838383838,0.6414195375852444,0.2575811537468606,0.10526315789473684,0.21052631578947367,0.3684210526315789,0.4473684210526316
q23_year_over_year_decline,prior_current,2018,118,16,0.13559322033898305,0.21627247801332417,0.08067925767434111,0.0625,0.25,0.375,0.4375
q23_year_over_year_decline,prior_current,2019,128,98,0.765625,0.8490764550704865,0.08345145507048646,0.07142857142857142,0.1326530612244898,0.25510204081632654,0.336734693877551
q23_year_over_year_decline,prior_current,2020,93,29,0.3118279569892473,0.5826810117595245,0.27085305477027716,0.13793103448275862,0.3103448275862069,0.4482758620689655,0.5172413793103449
q23_year_over_year_decline,prior_current,2021,116,41,0.35344827586206895,0.39670450490639697,0.04325622904432802,0.07317073170731707,0.12195121951219512,0.21951219512195122,0.2926829268292683
q23_year_over_year_decline,prior_current,2022,112,38,0.3392857142857143,0.48139229300223235,0.14210657871651805,0.05263157894736842,0.15789473684210525,0.3684210526315789,0.5263157894736842
q23_year_over_year_decline,prior_current,2023,108,73,0.6759259259259259,0.8471991331486803,0.1712732072227544,0.0821917808219178,0.1506849315068493,0.273972602739726,0.4246575342465753
q23_year_over_year_decline,prior_current,2024,84,16,0.19047619047619047,0.21499667437867725,0.02452048390248679,0.0625,0.0625,0.1875,0.3125
q23_year_over_year_decline,prior_trajectory,2005,145,45,0.3103448275862069,0.36442207312747293,0.05407724554126603,0.044444444444444446,0.15555555555555556,0.35555555555555557,0.4222222222222222
q23_year_over_year_decline,prior_trajectory,2006,136,88,0.6470588235294118,0.7703465461140595,0.12328772258464771,0.07954545454545454,0.13636363636363635,0.25,0.36363636363636365
q23_year_over_year_decline,prior_trajectory,2007,108,20,0.18518518518518517,0.595011803879841,0.4098266186946558,0.2,0.3,0.65,0.7
q23_year_over_year_decline,prior_trajectory,2008,153,48,0.3137254901960784,0.5981211053689754,0.284395615172897,0.125,0.2708333333333333,0.4791666666666667,0.5625
q23_year_over_year_decline,prior_trajectory,2009,152,43,0.28289473684210525,0.48247969173708505,0.1995849548949798,0.13953488372093023,0.2558139534883721,0.4186046511627907,0.46511627906976744
q23_year_over_year_decline,prior_trajectory,2010,151,76,0.5033112582781457,0.5817708931565726,0.07845963487842689,0.06578947368421052,0.13157894736842105,0.2631578947368421,0.3815789473684211
q23_year_over_year_decline,prior_trajectory,2011,150,80,0.5333333333333333,0.7032425528925874,0.1699092195592541,0.075,0.1375,0.2625,0.4
q23_year_over_year_decline,prior_trajectory,2012,121,43,0.35537190082644626,0.48643688902209603,0.13106498819564977,0.06976744186046512,0.18604651162790697,0.27906976744186046,0.37209302325581395
q23_year_over_year_decline,prior_trajectory,2013,125,25,0.2,0.4399589253862441,0.23995892538624408,0.16,0.32,0.56,0.64
q23_year_over_year_decline,prior_trajectory,2014,146,92,0.6301369863013698,0.758472328333077,0.12833534203170716,0.06521739130434782,0.13043478260869565,0.25,0.358695652173913
q23_year_over_year_decline,prior_trajectory,2015,124,45,0.3629032258064516,0.4679978229528784,0.10509459714642677,0.06666666666666667,0.17777777777777778,0.3333333333333333,0.4444444444444444
q23_year_over_year_decline,prior_trajectory,2016,109,55,0.5045871559633027,0.7006933256921885,0.19610616972888573,0.10909090909090909,0.18181818181818182,0.2909090909090909,0.4
q23_year_over_year_decline,prior_trajectory,2017,99,38,0.3838383838383838,0.6450981208521496,0.26125973701376576,0.07894736842105263,0.18421052631578946,0.39473684210526316,0.5526315789473685
q23_year_over_year_decline,prior_trajectory,2018,118,16,0.13559322033898305,0.28348739388899935,0.1478941735500163,0.125,0.1875,0.3125,0.5
q23_year_over_year_decline,prior_trajectory,2019,128,98,0.765625,0.8815886259574542,0.11596362595745424,0.07142857142857142,0.12244897959183673,0.25510204081632654,0.3673469387755102
q23_year_over_year_decline,prior_trajectory,2020,93,29,0.3118279569892473,0.6389131197536595,0.3270851627644122,0.13793103448275862,0.27586206896551724,0.4827586206896552,0.6206896551724138
q23_year_over_year_decline,prior_trajectory,2021,116,41,0.35344827586206895,0.45210916055058553,0.09866088468851658,0.0975609756097561,0.17073170731707318,0.2682926829268293,0.3170731707317073
q23_year_over_year_decline,prior_trajectory,2022,112,38,0.3392857142857143,0.5292373333271351,0.18995161904142077,0.07894736842105263,0.21052631578947367,0.34210526315789475,0.39473684210526316
q23_year_over_year_decline,prior_trajectory,2023,108,73,0.6759259259259259,0.8778566256584801,0.20193069973255418,0.0821917808219178,0.136986301369863,0.273972602739726,0.3972602739726027
q23_year_over_year_decline,prior_trajectory,2024,84,16,0.19047619047619047,0.29670865923897277,0.1062324687627823,0.0625,0.125,0.25,0.4375
