domain,year,model_family,feature_set,train_start,train_end,n_train,events_train,n_test,events_test,chosen
full_oisst_domain,2005,elastic_net,current_only,1989,2004,4046,1684,312,186,"{""C"": 0.05, ""l1_ratio"": 0.0}"
full_oisst_domain,2005,elastic_net,current_plus_trajectory,1989,2004,4046,1684,312,186,"{""C"": 0.05, ""l1_ratio"": 1.0}"
full_oisst_domain,2005,elastic_net,trajectory_plus_oisst,1989,2004,4046,1684,312,186,"{""C"": 1.0, ""l1_ratio"": 0.0}"
full_oisst_domain,2005,hierarchical_additive,current_only,1989,2004,4046,1684,312,186,"{""C"": 0.2}"
full_oisst_domain,2005,hierarchical_additive,current_plus_trajectory,1989,2004,4046,1684,312,186,"{""C"": 1.0}"
full_oisst_domain,2005,hierarchical_additive,trajectory_plus_oisst,1989,2004,4046,1684,312,186,"{""C"": 0.2}"
full_oisst_domain,2005,lambdamart_ranker,current_only,1989,2004,4046,1684,312,186,"{""calibration_end"": 2004, ""calibration_rows"": 942, ""calibration_start"": 2002, ""platt_intercept"": -1.1273811068028547, ""platt_slope"": 1.2767534207236204}"
full_oisst_domain,2005,lambdamart_ranker,current_plus_trajectory,1989,2004,4046,1684,312,186,"{""calibration_end"": 2004, ""calibration_rows"": 942, ""calibration_start"": 2002, ""platt_intercept"": -1.198859932727449, ""platt_slope"": 1.4123326820258344}"
full_oisst_domain,2005,lambdamart_ranker,trajectory_plus_oisst,1989,2004,4046,1684,312,186,"{""calibration_end"": 2004, ""calibration_rows"": 942, ""calibration_start"": 2002, ""platt_intercept"": -1.1427964040424763, ""platt_slope"": 1.3060236860609835}"
full_oisst_domain,2006,elastic_net,current_only,1989,2005,4358,1870,285,54,"{""C"": 0.05, ""l1_ratio"": 0.0}"
full_oisst_domain,2006,elastic_net,current_plus_trajectory,1989,2005,4358,1870,285,54,"{""C"": 0.05, ""l1_ratio"": 1.0}"
full_oisst_domain,2006,elastic_net,trajectory_plus_oisst,1989,2005,4358,1870,285,54,"{""C"": 0.2, ""l1_ratio"": 1.0}"
full_oisst_domain,2006,hierarchical_additive,current_only,1989,2005,4358,1870,285,54,"{""C"": 0.2}"
full_oisst_domain,2006,hierarchical_additive,current_plus_trajectory,1989,2005,4358,1870,285,54,"{""C"": 0.2}"
full_oisst_domain,2006,hierarchical_additive,trajectory_plus_oisst,1989,2005,4358,1870,285,54,"{""C"": 0.2}"
full_oisst_domain,2006,lambdamart_ranker,current_only,1989,2005,4358,1870,285,54,"{""calibration_end"": 2005, ""calibration_rows"": 936, ""calibration_start"": 2003, ""platt_intercept"": -1.0142615027677575, ""platt_slope"": 1.283284431284661}"
full_oisst_domain,2006,lambdamart_ranker,current_plus_trajectory,1989,2005,4358,1870,285,54,"{""calibration_end"": 2005, ""calibration_rows"": 936, ""calibration_start"": 2003, ""platt_intercept"": -1.0704614796634295, ""platt_slope"": 1.391124567199076}"
full_oisst_domain,2006,lambdamart_ranker,trajectory_plus_oisst,1989,2005,4358,1870,285,54,"{""calibration_end"": 2005, ""calibration_rows"": 936, ""calibration_start"": 2003, ""platt_intercept"": -0.9697659419978153, ""platt_slope"": 1.1976453247322132}"
full_oisst_domain,2007,elastic_net,current_only,1989,2006,4643,1924,328,94,"{""C"": 0.05, ""l1_ratio"": 0.0}"
full_oisst_domain,2007,elastic_net,current_plus_trajectory,1989,2006,4643,1924,328,94,"{""C"": 0.05, ""l1_ratio"": 1.0}"
full_oisst_domain,2007,elastic_net,trajectory_plus_oisst,1989,2006,4643,1924,328,94,"{""C"": 0.2, ""l1_ratio"": 1.0}"
full_oisst_domain,2007,hierarchical_additive,current_only,1989,2006,4643,1924,328,94,"{""C"": 1.0}"
full_oisst_domain,2007,hierarchical_additive,current_plus_trajectory,1989,2006,4643,1924,328,94,"{""C"": 0.2}"
full_oisst_domain,2007,hierarchical_additive,trajectory_plus_oisst,1989,2006,4643,1924,328,94,"{""C"": 1.0}"
full_oisst_domain,2007,lambdamart_ranker,current_only,1989,2006,4643,1924,328,94,"{""calibration_end"": 2006, ""calibration_rows"": 919, ""calibration_start"": 2004, ""platt_intercept"": -1.0743145270980983, ""platt_slope"": 1.165097395048846}"
full_oisst_domain,2007,lambdamart_ranker,current_plus_trajectory,1989,2006,4643,1924,328,94,"{""calibration_end"": 2006, ""calibration_rows"": 919, ""calibration_start"": 2004, ""platt_intercept"": -1.227153806641064, ""platt_slope"": 1.4552116320561252}"
full_oisst_domain,2007,lambdamart_ranker,trajectory_plus_oisst,1989,2006,4643,1924,328,94,"{""calibration_end"": 2006, ""calibration_rows"": 919, ""calibration_start"": 2004, ""platt_intercept"": -0.8547964137276474, ""platt_slope"": 0.7434647198890398}"
full_oisst_domain,2008,elastic_net,current_only,1989,2007,4971,2018,331,95,"{""C"": 0.05, ""l1_ratio"": 0.0}"
full_oisst_domain,2008,elastic_net,current_plus_trajectory,1989,2007,4971,2018,331,95,"{""C"": 0.2, ""l1_ratio"": 1.0}"
full_oisst_domain,2008,elastic_net,trajectory_plus_oisst,1989,2007,4971,2018,331,95,"{""C"": 0.2, ""l1_ratio"": 1.0}"
full_oisst_domain,2008,hierarchical_additive,current_only,1989,2007,4971,2018,331,95,"{""C"": 1.0}"
full_oisst_domain,2008,hierarchical_additive,current_plus_trajectory,1989,2007,4971,2018,331,95,"{""C"": 0.2}"
full_oisst_domain,2008,hierarchical_additive,trajectory_plus_oisst,1989,2007,4971,2018,331,95,"{""C"": 0.05}"
full_oisst_domain,2008,lambdamart_ranker,current_only,1989,2007,4971,2018,331,95,"{""calibration_end"": 2007, ""calibration_rows"": 925, ""calibration_start"": 2005, ""platt_intercept"": -1.5530419502561563, ""platt_slope"": 1.8781376159460235}"
full_oisst_domain,2008,lambdamart_ranker,current_plus_trajectory,1989,2007,4971,2018,331,95,"{""calibration_end"": 2007, ""calibration_rows"": 925, ""calibration_start"": 2005, ""platt_intercept"": -1.5911761589321174, ""platt_slope"": 1.9480812881595133}"
full_oisst_domain,2008,lambdamart_ranker,trajectory_plus_oisst,1989,2007,4971,2018,331,95,"{""calibration_end"": 2007, ""calibration_rows"": 925, ""calibration_start"": 2005, ""platt_intercept"": -1.421359888300851, ""platt_slope"": 1.63495481537717}"
full_oisst_domain,2009,elastic_net,current_only,1989,2008,5302,2113,341,163,"{""C"": 0.05, ""l1_ratio"": 0.0}"
full_oisst_domain,2009,elastic_net,current_plus_trajectory,1989,2008,5302,2113,341,163,"{""C"": 0.2, ""l1_ratio"": 1.0}"
full_oisst_domain,2009,elastic_net,trajectory_plus_oisst,1989,2008,5302,2113,341,163,"{""C"": 0.2, ""l1_ratio"": 1.0}"
full_oisst_domain,2009,hierarchical_additive,current_only,1989,2008,5302,2113,341,163,"{""C"": 1.0}"
full_oisst_domain,2009,hierarchical_additive,current_plus_trajectory,1989,2008,5302,2113,341,163,"{""C"": 0.05}"
full_oisst_domain,2009,hierarchical_additive,trajectory_plus_oisst,1989,2008,5302,2113,341,163,"{""C"": 0.05}"
full_oisst_domain,2009,lambdamart_ranker,current_only,1989,2008,5302,2113,341,163,"{""calibration_end"": 2008, ""calibration_rows"": 944, ""calibration_start"": 2006, ""platt_intercept"": -2.366085438102161, ""platt_slope"": 2.3826518650113124}"
full_oisst_domain,2009,lambdamart_ranker,current_plus_trajectory,1989,2008,5302,2113,341,163,"{""calibration_end"": 2008, ""calibration_rows"": 944, ""calibration_start"": 2006, ""platt_intercept"": -2.2903558589100466, ""platt_slope"": 2.2543019518316396}"
full_oisst_domain,2009,lambdamart_ranker,trajectory_plus_oisst,1989,2008,5302,2113,341,163,"{""calibration_end"": 2008, ""calibration_rows"": 944, ""calibration_start"": 2006, ""platt_intercept"": -2.1195432179519877, ""platt_slope"": 1.9614084375331546}"
full_oisst_domain,2010,elastic_net,current_only,1989,2009,5643,2276,328,162,"{""C"": 0.05, ""l1_ratio"": 0.0}"
full_oisst_domain,2010,elastic_net,current_plus_trajectory,1989,2009,5643,2276,328,162,"{""C"": 0.2, ""l1_ratio"": 1.0}"
full_oisst_domain,2010,elastic_net,trajectory_plus_oisst,1989,2009,5643,2276,328,162,"{""C"": 0.05, ""l1_ratio"": 1.0}"
full_oisst_domain,2010,hierarchical_additive,current_only,1989,2009,5643,2276,328,162,"{""C"": 0.2}"
full_oisst_domain,2010,hierarchical_additive,current_plus_trajectory,1989,2009,5643,2276,328,162,"{""C"": 0.05}"
full_oisst_domain,2010,hierarchical_additive,trajectory_plus_oisst,1989,2009,5643,2276,328,162,"{""C"": 1.0}"
full_oisst_domain,2010,lambdamart_ranker,current_only,1989,2009,5643,2276,328,162,"{""calibration_end"": 2009, ""calibration_rows"": 1000, ""calibration_start"": 2007, ""platt_intercept"": -1.7604692466539071, ""platt_slope"": 2.179027020746933}"
full_oisst_domain,2010,lambdamart_ranker,current_plus_trajectory,1989,2009,5643,2276,328,162,"{""calibration_end"": 2009, ""calibration_rows"": 1000, ""calibration_start"": 2007, ""platt_intercept"": -1.6762058538981885, ""platt_slope"": 2.0261564693379346}"
full_oisst_domain,2010,lambdamart_ranker,trajectory_plus_oisst,1989,2009,5643,2276,328,162,"{""calibration_end"": 2009, ""calibration_rows"": 1000, ""calibration_start"": 2007, ""platt_intercept"": -1.7239538986320229, ""platt_slope"": 2.112842947546849}"
full_oisst_domain,2011,elastic_net,current_only,1989,2010,5971,2438,280,109,"{""C"": 0.05, ""l1_ratio"": 0.0}"
full_oisst_domain,2011,elastic_net,current_plus_trajectory,1989,2010,5971,2438,280,109,"{""C"": 0.05, ""l1_ratio"": 1.0}"
full_oisst_domain,2011,elastic_net,trajectory_plus_oisst,1989,2010,5971,2438,280,109,"{""C"": 0.05, ""l1_ratio"": 1.0}"
full_oisst_domain,2011,hierarchical_additive,current_only,1989,2010,5971,2438,280,109,"{""C"": 0.2}"
full_oisst_domain,2011,hierarchical_additive,current_plus_trajectory,1989,2010,5971,2438,280,109,"{""C"": 0.05}"
full_oisst_domain,2011,hierarchical_additive,trajectory_plus_oisst,1989,2010,5971,2438,280,109,"{""C"": 1.0}"
full_oisst_domain,2011,lambdamart_ranker,current_only,1989,2010,5971,2438,280,109,"{""calibration_end"": 2010, ""calibration_rows"": 1000, ""calibration_start"": 2008, ""platt_intercept"": -1.3863487151419334, ""platt_slope"": 2.0652614097131736}"
full_oisst_domain,2011,lambdamart_ranker,current_plus_trajectory,1989,2010,5971,2438,280,109,"{""calibration_end"": 2010, ""calibration_rows"": 1000, ""calibration_start"": 2008, ""platt_intercept"": -1.407619155266897, ""platt_slope"": 2.105479164072078}"
full_oisst_domain,2011,lambdamart_ranker,trajectory_plus_oisst,1989,2010,5971,2438,280,109,"{""calibration_end"": 2010, ""calibration_rows"": 1000, ""calibration_start"": 2008, ""platt_intercept"": -1.2089667088489602, ""platt_slope"": 1.727925769838718}"
full_oisst_domain,2012,elastic_net,current_only,1989,2011,6251,2547,290,63,"{""C"": 0.05, ""l1_ratio"": 0.0}"
full_oisst_domain,2012,elastic_net,current_plus_trajectory,1989,2011,6251,2547,290,63,"{""C"": 0.05, ""l1_ratio"": 1.0}"
full_oisst_domain,2012,elastic_net,trajectory_plus_oisst,1989,2011,6251,2547,290,63,"{""C"": 0.05, ""l1_ratio"": 1.0}"
full_oisst_domain,2012,hierarchical_additive,current_only,1989,2011,6251,2547,290,63,"{""C"": 0.2}"
full_oisst_domain,2012,hierarchical_additive,current_plus_trajectory,1989,2011,6251,2547,290,63,"{""C"": 0.2}"
full_oisst_domain,2012,hierarchical_additive,trajectory_plus_oisst,1989,2011,6251,2547,290,63,"{""C"": 0.2}"
full_oisst_domain,2012,lambdamart_ranker,current_only,1989,2011,6251,2547,290,63,"{""calibration_end"": 2011, ""calibration_rows"": 949, ""calibration_start"": 2009, ""platt_intercept"": -1.2260856352682836, ""platt_slope"": 2.0735186891972424}"
full_oisst_domain,2012,lambdamart_ranker,current_plus_trajectory,1989,2011,6251,2547,290,63,"{""calibration_end"": 2011, ""calibration_rows"": 949, ""calibration_start"": 2009, ""platt_intercept"": -1.2414536211145055, ""platt_slope"": 2.1032129850011674}"
full_oisst_domain,2012,lambdamart_ranker,trajectory_plus_oisst,1989,2011,6251,2547,290,63,"{""calibration_end"": 2011, ""calibration_rows"": 949, ""calibration_start"": 2009, ""platt_intercept"": -1.0638504765381438, ""platt_slope"": 1.7582180509693783}"
full_oisst_domain,2013,elastic_net,current_only,1989,2012,6541,2610,335,213,"{""C"": 0.05, ""l1_ratio"": 0.0}"
full_oisst_domain,2013,elastic_net,current_plus_trajectory,1989,2012,6541,2610,335,213,"{""C"": 0.05, ""l1_ratio"": 1.0}"
full_oisst_domain,2013,elastic_net,trajectory_plus_oisst,1989,2012,6541,2610,335,213,"{""C"": 0.05, ""l1_ratio"": 0.5}"
full_oisst_domain,2013,hierarchical_additive,current_only,1989,2012,6541,2610,335,213,"{""C"": 0.2}"
full_oisst_domain,2013,hierarchical_additive,current_plus_trajectory,1989,2012,6541,2610,335,213,"{""C"": 0.2}"
full_oisst_domain,2013,hierarchical_additive,trajectory_plus_oisst,1989,2012,6541,2610,335,213,"{""C"": 0.05}"
full_oisst_domain,2013,lambdamart_ranker,current_only,1989,2012,6541,2610,335,213,"{""calibration_end"": 2012, ""calibration_rows"": 898, ""calibration_start"": 2010, ""platt_intercept"": -1.6769261432711837, ""platt_slope"": 2.1981480501737196}"
full_oisst_domain,2013,lambdamart_ranker,current_plus_trajectory,1989,2012,6541,2610,335,213,"{""calibration_end"": 2012, ""calibration_rows"": 898, ""calibration_start"": 2010, ""platt_intercept"": -1.6635141378597293, ""platt_slope"": 2.173384115266003}"
full_oisst_domain,2013,lambdamart_ranker,trajectory_plus_oisst,1989,2012,6541,2610,335,213,"{""calibration_end"": 2012, ""calibration_rows"": 898, ""calibration_start"": 2010, ""platt_intercept"": -1.6218332222927057, ""platt_slope"": 2.096935293278068}"
full_oisst_domain,2014,elastic_net,current_only,1989,2013,6876,2823,293,116,"{""C"": 0.05, ""l1_ratio"": 0.0}"
full_oisst_domain,2014,elastic_net,current_plus_trajectory,1989,2013,6876,2823,293,116,"{""C"": 0.05, ""l1_ratio"": 1.0}"
full_oisst_domain,2014,elastic_net,trajectory_plus_oisst,1989,2013,6876,2823,293,116,"{""C"": 0.05, ""l1_ratio"": 0.0}"
full_oisst_domain,2014,hierarchical_additive,current_only,1989,2013,6876,2823,293,116,"{""C"": 0.2}"
full_oisst_domain,2014,hierarchical_additive,current_plus_trajectory,1989,2013,6876,2823,293,116,"{""C"": 0.05}"
full_oisst_domain,2014,hierarchical_additive,trajectory_plus_oisst,1989,2013,6876,2823,293,116,"{""C"": 0.05}"
full_oisst_domain,2014,lambdamart_ranker,current_only,1989,2013,6876,2823,293,116,"{""calibration_end"": 2013, ""calibration_rows"": 905, ""calibration_start"": 2011, ""platt_intercept"": -1.2181811430683622, ""platt_slope"": 1.790157368119141}"
full_oisst_domain,2014,lambdamart_ranker,current_plus_trajectory,1989,2013,6876,2823,293,116,"{""calibration_end"": 2013, ""calibration_rows"": 905, ""calibration_start"": 2011, ""platt_intercept"": -1.1226155600448822, ""platt_slope"": 1.6069994654780222}"
full_oisst_domain,2014,lambdamart_ranker,trajectory_plus_oisst,1989,2013,6876,2823,293,116,"{""calibration_end"": 2013, ""calibration_rows"": 905, ""calibration_start"": 2011, ""platt_intercept"": -1.1777208588040176, ""platt_slope"": 1.7126125355371098}"
full_oisst_domain,2015,elastic_net,current_only,1989,2014,7169,2939,253,123,"{""C"": 0.05, ""l1_ratio"": 0.0}"
full_oisst_domain,2015,elastic_net,current_plus_trajectory,1989,2014,7169,2939,253,123,"{""C"": 0.05, ""l1_ratio"": 0.0}"
full_oisst_domain,2015,elastic_net,trajectory_plus_oisst,1989,2014,7169,2939,253,123,"{""C"": 0.05, ""l1_ratio"": 0.0}"
full_oisst_domain,2015,hierarchical_additive,current_only,1989,2014,7169,2939,253,123,"{""C"": 0.2}"
full_oisst_domain,2015,hierarchical_additive,current_plus_trajectory,1989,2014,7169,2939,253,123,"{""C"": 0.2}"
full_oisst_domain,2015,hierarchical_additive,trajectory_plus_oisst,1989,2014,7169,2939,253,123,"{""C"": 0.05}"
full_oisst_domain,2015,lambdamart_ranker,current_only,1989,2014,7169,2939,253,123,"{""calibration_end"": 2014, ""calibration_rows"": 918, ""calibration_start"": 2012, ""platt_intercept"": -1.1544857618345634, ""platt_slope"": 1.6816483901532429}"
full_oisst_domain,2015,lambdamart_ranker,current_plus_trajectory,1989,2014,7169,2939,253,123,"{""calibration_end"": 2014, ""calibration_rows"": 918, ""calibration_start"": 2012, ""platt_intercept"": -1.1245995285738393, ""platt_slope"": 1.624104147187717}"
full_oisst_domain,2015,lambdamart_ranker,trajectory_plus_oisst,1989,2014,7169,2939,253,123,"{""calibration_end"": 2014, ""calibration_rows"": 918, ""calibration_start"": 2012, ""platt_intercept"": -1.1881140342195253, ""platt_slope"": 1.7458741690905129}"
full_oisst_domain,2016,elastic_net,current_only,1989,2015,7422,3062,232,80,"{""C"": 0.05, ""l1_ratio"": 0.0}"
full_oisst_domain,2016,elastic_net,current_plus_trajectory,1989,2015,7422,3062,232,80,"{""C"": 1.0, ""l1_ratio"": 0.0}"
full_oisst_domain,2016,elastic_net,trajectory_plus_oisst,1989,2015,7422,3062,232,80,"{""C"": 1.0, ""l1_ratio"": 0.0}"
full_oisst_domain,2016,hierarchical_additive,current_only,1989,2015,7422,3062,232,80,"{""C"": 0.2}"
full_oisst_domain,2016,hierarchical_additive,current_plus_trajectory,1989,2015,7422,3062,232,80,"{""C"": 1.0}"
full_oisst_domain,2016,hierarchical_additive,trajectory_plus_oisst,1989,2015,7422,3062,232,80,"{""C"": 1.0}"
full_oisst_domain,2016,lambdamart_ranker,current_only,1989,2015,7422,3062,232,80,"{""calibration_end"": 2015, ""calibration_rows"": 881, ""calibration_start"": 2013, ""platt_intercept"": -0.8052104174345194, ""platt_slope"": 1.7152674844649762}"
full_oisst_domain,2016,lambdamart_ranker,current_plus_trajectory,1989,2015,7422,3062,232,80,"{""calibration_end"": 2015, ""calibration_rows"": 881, ""calibration_start"": 2013, ""platt_intercept"": -0.7573322049658467, ""platt_slope"": 1.6190954306775953}"
full_oisst_domain,2016,lambdamart_ranker,trajectory_plus_oisst,1989,2015,7422,3062,232,80,"{""calibration_end"": 2015, ""calibration_rows"": 881, ""calibration_start"": 2013, ""platt_intercept"": -0.7691280639464572, ""platt_slope"": 1.642765521336536}"
full_oisst_domain,2017,elastic_net,current_only,1989,2016,7654,3142,251,49,"{""C"": 0.05, ""l1_ratio"": 0.0}"
full_oisst_domain,2017,elastic_net,current_plus_trajectory,1989,2016,7654,3142,251,49,"{""C"": 1.0, ""l1_ratio"": 0.0}"
full_oisst_domain,2017,elastic_net,trajectory_plus_oisst,1989,2016,7654,3142,251,49,"{""C"": 0.05, ""l1_ratio"": 1.0}"
full_oisst_domain,2017,hierarchical_additive,current_only,1989,2016,7654,3142,251,49,"{""C"": 0.2}"
full_oisst_domain,2017,hierarchical_additive,current_plus_trajectory,1989,2016,7654,3142,251,49,"{""C"": 1.0}"
full_oisst_domain,2017,hierarchical_additive,trajectory_plus_oisst,1989,2016,7654,3142,251,49,"{""C"": 1.0}"
full_oisst_domain,2017,lambdamart_ranker,current_only,1989,2016,7654,3142,251,49,"{""calibration_end"": 2016, ""calibration_rows"": 778, ""calibration_start"": 2014, ""platt_intercept"": -1.3950750566934285, ""platt_slope"": 1.996484724829315}"
full_oisst_domain,2017,lambdamart_ranker,current_plus_trajectory,1989,2016,7654,3142,251,49,"{""calibration_end"": 2016, ""calibration_rows"": 778, ""calibration_start"": 2014, ""platt_intercept"": -1.3819639540958655, ""platt_slope"": 1.9713641753207511}"
full_oisst_domain,2017,lambdamart_ranker,trajectory_plus_oisst,1989,2016,7654,3142,251,49,"{""calibration_end"": 2016, ""calibration_rows"": 778, ""calibration_start"": 2014, ""platt_intercept"": -1.2767554585142775, ""platt_slope"": 1.7725105021039371}"
full_oisst_domain,2018,elastic_net,current_only,1989,2017,7905,3191,277,208,"{""C"": 0.05, ""l1_ratio"": 0.0}"
full_oisst_domain,2018,elastic_net,current_plus_trajectory,1989,2017,7905,3191,277,208,"{""C"": 0.2, ""l1_ratio"": 0.0}"
full_oisst_domain,2018,elastic_net,trajectory_plus_oisst,1989,2017,7905,3191,277,208,"{""C"": 0.2, ""l1_ratio"": 1.0}"
full_oisst_domain,2018,hierarchical_additive,current_only,1989,2017,7905,3191,277,208,"{""C"": 1.0}"
full_oisst_domain,2018,hierarchical_additive,current_plus_trajectory,1989,2017,7905,3191,277,208,"{""C"": 0.2}"
full_oisst_domain,2018,hierarchical_additive,trajectory_plus_oisst,1989,2017,7905,3191,277,208,"{""C"": 1.0}"
full_oisst_domain,2018,lambdamart_ranker,current_only,1989,2017,7905,3191,277,208,"{""calibration_end"": 2017, ""calibration_rows"": 736, ""calibration_start"": 2015, ""platt_intercept"": -1.4009664452609594, ""platt_slope"": 1.437261430087217}"
full_oisst_domain,2018,lambdamart_ranker,current_plus_trajectory,1989,2017,7905,3191,277,208,"{""calibration_end"": 2017, ""calibration_rows"": 736, ""calibration_start"": 2015, ""platt_intercept"": -1.5065003581481176, ""platt_slope"": 1.6319536042452674}"
full_oisst_domain,2018,lambdamart_ranker,trajectory_plus_oisst,1989,2017,7905,3191,277,208,"{""calibration_end"": 2017, ""calibration_rows"": 736, ""calibration_start"": 2015, ""platt_intercept"": -1.7071502804737897, ""platt_slope"": 1.9976652205898857}"
full_oisst_domain,2019,elastic_net,current_only,1989,2018,8182,3399,199,63,"{""C"": 0.05, ""l1_ratio"": 0.0}"
full_oisst_domain,2019,elastic_net,current_plus_trajectory,1989,2018,8182,3399,199,63,"{""C"": 0.2, ""l1_ratio"": 0.5}"
full_oisst_domain,2019,elastic_net,trajectory_plus_oisst,1989,2018,8182,3399,199,63,"{""C"": 0.05, ""l1_ratio"": 1.0}"
full_oisst_domain,2019,hierarchical_additive,current_only,1989,2018,8182,3399,199,63,"{""C"": 0.2}"
full_oisst_domain,2019,hierarchical_additive,current_plus_trajectory,1989,2018,8182,3399,199,63,"{""C"": 0.05}"
full_oisst_domain,2019,hierarchical_additive,trajectory_plus_oisst,1989,2018,8182,3399,199,63,"{""C"": 1.0}"
full_oisst_domain,2019,lambdamart_ranker,current_only,1989,2018,8182,3399,199,63,"{""calibration_end"": 2018, ""calibration_rows"": 760, ""calibration_start"": 2016, ""platt_intercept"": -0.7040577894553792, ""platt_slope"": 0.941734795439095}"
full_oisst_domain,2019,lambdamart_ranker,current_plus_trajectory,1989,2018,8182,3399,199,63,"{""calibration_end"": 2018, ""calibration_rows"": 760, ""calibration_start"": 2016, ""platt_intercept"": -0.9643268476695916, ""platt_slope"": 1.44952173479429}"
full_oisst_domain,2019,lambdamart_ranker,trajectory_plus_oisst,1989,2018,8182,3399,199,63,"{""calibration_end"": 2018, ""calibration_rows"": 760, ""calibration_start"": 2016, ""platt_intercept"": -0.7200842159682477, ""platt_slope"": 0.973112167105478}"
full_oisst_domain,2020,elastic_net,current_only,1989,2019,8381,3462,239,90,"{""C"": 0.05, ""l1_ratio"": 0.0}"
full_oisst_domain,2020,elastic_net,current_plus_trajectory,1989,2019,8381,3462,239,90,"{""C"": 0.2, ""l1_ratio"": 1.0}"
full_oisst_domain,2020,elastic_net,trajectory_plus_oisst,1989,2019,8381,3462,239,90,"{""C"": 0.05, ""l1_ratio"": 0.0}"
full_oisst_domain,2020,hierarchical_additive,current_only,1989,2019,8381,3462,239,90,"{""C"": 1.0}"
full_oisst_domain,2020,hierarchical_additive,current_plus_trajectory,1989,2019,8381,3462,239,90,"{""C"": 0.05}"
full_oisst_domain,2020,hierarchical_additive,trajectory_plus_oisst,1989,2019,8381,3462,239,90,"{""C"": 0.05}"
full_oisst_domain,2020,lambdamart_ranker,current_only,1989,2019,8381,3462,239,90,"{""calibration_end"": 2019, ""calibration_rows"": 727, ""calibration_start"": 2017, ""platt_intercept"": -0.7827264961085343, ""platt_slope"": 1.0691004598622609}"
full_oisst_domain,2020,lambdamart_ranker,current_plus_trajectory,1989,2019,8381,3462,239,90,"{""calibration_end"": 2019, ""calibration_rows"": 727, ""calibration_start"": 2017, ""platt_intercept"": -1.0661684104508946, ""platt_slope"": 1.6188435583193945}"
full_oisst_domain,2020,lambdamart_ranker,trajectory_plus_oisst,1989,2019,8381,3462,239,90,"{""calibration_end"": 2019, ""calibration_rows"": 727, ""calibration_start"": 2017, ""platt_intercept"": -0.9009912940782806, ""platt_slope"": 1.299563413693402}"
full_oisst_domain,2021,elastic_net,current_only,1989,2020,8620,3552,229,83,"{""C"": 0.05, ""l1_ratio"": 0.0}"
full_oisst_domain,2021,elastic_net,current_plus_trajectory,1989,2020,8620,3552,229,83,"{""C"": 0.05, ""l1_ratio"": 0.5}"
full_oisst_domain,2021,elastic_net,trajectory_plus_oisst,1989,2020,8620,3552,229,83,"{""C"": 0.05, ""l1_ratio"": 0.5}"
full_oisst_domain,2021,hierarchical_additive,current_only,1989,2020,8620,3552,229,83,"{""C"": 1.0}"
full_oisst_domain,2021,hierarchical_additive,current_plus_trajectory,1989,2020,8620,3552,229,83,"{""C"": 0.05}"
full_oisst_domain,2021,hierarchical_additive,trajectory_plus_oisst,1989,2020,8620,3552,229,83,"{""C"": 0.05}"
full_oisst_domain,2021,lambdamart_ranker,current_only,1989,2020,8620,3552,229,83,"{""calibration_end"": 2020, ""calibration_rows"": 715, ""calibration_start"": 2018, ""platt_intercept"": -0.5303738106188037, ""platt_slope"": 1.096299895428144}"
full_oisst_domain,2021,lambdamart_ranker,current_plus_trajectory,1989,2020,8620,3552,229,83,"{""calibration_end"": 2020, ""calibration_rows"": 715, ""calibration_start"": 2018, ""platt_intercept"": -0.7988674740780046, ""platt_slope"": 1.6323002087962044}"
full_oisst_domain,2021,lambdamart_ranker,trajectory_plus_oisst,1989,2020,8620,3552,229,83,"{""calibration_end"": 2020, ""calibration_rows"": 715, ""calibration_start"": 2018, ""platt_intercept"": -0.5860786730977435, ""platt_slope"": 1.207449679019775}"
full_oisst_domain,2022,elastic_net,current_only,1989,2021,8849,3635,225,150,"{""C"": 0.05, ""l1_ratio"": 0.0}"
full_oisst_domain,2022,elastic_net,current_plus_trajectory,1989,2021,8849,3635,225,150,"{""C"": 0.2, ""l1_ratio"": 1.0}"
full_oisst_domain,2022,elastic_net,trajectory_plus_oisst,1989,2021,8849,3635,225,150,"{""C"": 0.05, ""l1_ratio"": 0.0}"
full_oisst_domain,2022,hierarchical_additive,current_only,1989,2021,8849,3635,225,150,"{""C"": 1.0}"
full_oisst_domain,2022,hierarchical_additive,current_plus_trajectory,1989,2021,8849,3635,225,150,"{""C"": 0.05}"
full_oisst_domain,2022,hierarchical_additive,trajectory_plus_oisst,1989,2021,8849,3635,225,150,"{""C"": 0.05}"
full_oisst_domain,2022,lambdamart_ranker,current_only,1989,2021,8849,3635,225,150,"{""calibration_end"": 2021, ""calibration_rows"": 667, ""calibration_start"": 2019, ""platt_intercept"": -1.2248252289897679, ""platt_slope"": 1.2049361029309547}"
full_oisst_domain,2022,lambdamart_ranker,current_plus_trajectory,1989,2021,8849,3635,225,150,"{""calibration_end"": 2021, ""calibration_rows"": 667, ""calibration_start"": 2019, ""platt_intercept"": -1.6096240847464347, ""platt_slope"": 1.917735853234739}"
full_oisst_domain,2022,lambdamart_ranker,trajectory_plus_oisst,1989,2021,8849,3635,225,150,"{""calibration_end"": 2021, ""calibration_rows"": 667, ""calibration_start"": 2019, ""platt_intercept"": -1.67963945611255, ""platt_slope"": 2.0452701104839934}"
full_oisst_domain,2023,elastic_net,current_only,1989,2022,9074,3785,179,32,"{""C"": 0.05, ""l1_ratio"": 0.0}"
full_oisst_domain,2023,elastic_net,current_plus_trajectory,1989,2022,9074,3785,179,32,"{""C"": 0.2, ""l1_ratio"": 0.0}"
full_oisst_domain,2023,elastic_net,trajectory_plus_oisst,1989,2022,9074,3785,179,32,"{""C"": 0.05, ""l1_ratio"": 0.0}"
full_oisst_domain,2023,hierarchical_additive,current_only,1989,2022,9074,3785,179,32,"{""C"": 1.0}"
full_oisst_domain,2023,hierarchical_additive,current_plus_trajectory,1989,2022,9074,3785,179,32,"{""C"": 0.05}"
full_oisst_domain,2023,hierarchical_additive,trajectory_plus_oisst,1989,2022,9074,3785,179,32,"{""C"": 0.05}"
full_oisst_domain,2023,lambdamart_ranker,current_only,1989,2022,9074,3785,179,32,"{""calibration_end"": 2022, ""calibration_rows"": 693, ""calibration_start"": 2020, ""platt_intercept"": -0.6462850784615501, ""platt_slope"": 1.010859113144301}"
full_oisst_domain,2023,lambdamart_ranker,current_plus_trajectory,1989,2022,9074,3785,179,32,"{""calibration_end"": 2022, ""calibration_rows"": 693, ""calibration_start"": 2020, ""platt_intercept"": -1.1313031242992222, ""platt_slope"": 1.9610299907692816}"
full_oisst_domain,2023,lambdamart_ranker,trajectory_plus_oisst,1989,2022,9074,3785,179,32,"{""calibration_end"": 2022, ""calibration_rows"": 693, ""calibration_start"": 2020, ""platt_intercept"": -0.8680193311502605, ""platt_slope"": 1.446877241360867}"
full_oisst_domain,2024,elastic_net,current_only,1989,2023,9253,3817,204,51,"{""C"": 0.05, ""l1_ratio"": 0.0}"
full_oisst_domain,2024,elastic_net,current_plus_trajectory,1989,2023,9253,3817,204,51,"{""C"": 1.0, ""l1_ratio"": 0.5}"
full_oisst_domain,2024,elastic_net,trajectory_plus_oisst,1989,2023,9253,3817,204,51,"{""C"": 1.0, ""l1_ratio"": 0.0}"
full_oisst_domain,2024,hierarchical_additive,current_only,1989,2023,9253,3817,204,51,"{""C"": 1.0}"
full_oisst_domain,2024,hierarchical_additive,current_plus_trajectory,1989,2023,9253,3817,204,51,"{""C"": 0.2}"
full_oisst_domain,2024,hierarchical_additive,trajectory_plus_oisst,1989,2023,9253,3817,204,51,"{""C"": 0.05}"
full_oisst_domain,2024,lambdamart_ranker,current_only,1989,2023,9253,3817,204,51,"{""calibration_end"": 2023, ""calibration_rows"": 633, ""calibration_start"": 2021, ""platt_intercept"": -0.9111408494693304, ""platt_slope"": 1.1432908068335008}"
full_oisst_domain,2024,lambdamart_ranker,current_plus_trajectory,1989,2023,9253,3817,204,51,"{""calibration_end"": 2023, ""calibration_rows"": 633, ""calibration_start"": 2021, ""platt_intercept"": -1.4700830078464244, ""platt_slope"": 2.20836749958754}"
full_oisst_domain,2024,lambdamart_ranker,trajectory_plus_oisst,1989,2023,9253,3817,204,51,"{""calibration_end"": 2023, ""calibration_rows"": 633, ""calibration_start"": 2021, ""platt_intercept"": -1.3316992123454934, ""platt_slope"": 1.946953034718642}"
upwelling_supported_domain,2005,elastic_net,current_only,1989,2004,2793,1182,207,129,"{""C"": 0.05, ""l1_ratio"": 0.0}"
upwelling_supported_domain,2005,elastic_net,current_plus_trajectory,1989,2004,2793,1182,207,129,"{""C"": 0.05, ""l1_ratio"": 1.0}"
upwelling_supported_domain,2005,elastic_net,trajectory_plus_oisst,1989,2004,2793,1182,207,129,"{""C"": 1.0, ""l1_ratio"": 0.5}"
upwelling_supported_domain,2005,elastic_net,trajectory_plus_oisst_cuti_beuti,1989,2004,2793,1182,207,129,"{""C"": 1.0, ""l1_ratio"": 0.5}"
upwelling_supported_domain,2005,hierarchical_additive,current_only,1989,2004,2793,1182,207,129,"{""C"": 0.2}"
upwelling_supported_domain,2005,hierarchical_additive,current_plus_trajectory,1989,2004,2793,1182,207,129,"{""C"": 1.0}"
upwelling_supported_domain,2005,hierarchical_additive,trajectory_plus_oisst,1989,2004,2793,1182,207,129,"{""C"": 0.2}"
upwelling_supported_domain,2005,hierarchical_additive,trajectory_plus_oisst_cuti_beuti,1989,2004,2793,1182,207,129,"{""C"": 0.2}"
upwelling_supported_domain,2005,lambdamart_ranker,current_only,1989,2004,2793,1182,207,129,"{""calibration_end"": 2004, ""calibration_rows"": 630, ""calibration_start"": 2002, ""platt_intercept"": -1.0031031910283184, ""platt_slope"": 1.0627137607298354}"
upwelling_supported_domain,2005,lambdamart_ranker,current_plus_trajectory,1989,2004,2793,1182,207,129,"{""calibration_end"": 2004, ""calibration_rows"": 630, ""calibration_start"": 2002, ""platt_intercept"": -1.0559826657870746, ""platt_slope"": 1.163799088212653}"
upwelling_supported_domain,2005,lambdamart_ranker,trajectory_plus_oisst,1989,2004,2793,1182,207,129,"{""calibration_end"": 2004, ""calibration_rows"": 630, ""calibration_start"": 2002, ""platt_intercept"": -1.384480615257929, ""platt_slope"": 1.7842013253038482}"
upwelling_supported_domain,2005,lambdamart_ranker,trajectory_plus_oisst_cuti_beuti,1989,2004,2793,1182,207,129,"{""calibration_end"": 2004, ""calibration_rows"": 630, ""calibration_start"": 2002, ""platt_intercept"": -1.1606575998716193, ""platt_slope"": 1.3628896185758335}"
upwelling_supported_domain,2006,elastic_net,current_only,1989,2005,3000,1311,191,39,"{""C"": 0.05, ""l1_ratio"": 0.0}"
upwelling_supported_domain,2006,elastic_net,current_plus_trajectory,1989,2005,3000,1311,191,39,"{""C"": 0.05, ""l1_ratio"": 0.5}"
upwelling_supported_domain,2006,elastic_net,trajectory_plus_oisst,1989,2005,3000,1311,191,39,"{""C"": 0.2, ""l1_ratio"": 1.0}"
upwelling_supported_domain,2006,elastic_net,trajectory_plus_oisst_cuti_beuti,1989,2005,3000,1311,191,39,"{""C"": 0.05, ""l1_ratio"": 0.5}"
upwelling_supported_domain,2006,hierarchical_additive,current_only,1989,2005,3000,1311,191,39,"{""C"": 0.2}"
upwelling_supported_domain,2006,hierarchical_additive,current_plus_trajectory,1989,2005,3000,1311,191,39,"{""C"": 1.0}"
upwelling_supported_domain,2006,hierarchical_additive,trajectory_plus_oisst,1989,2005,3000,1311,191,39,"{""C"": 0.2}"
upwelling_supported_domain,2006,hierarchical_additive,trajectory_plus_oisst_cuti_beuti,1989,2005,3000,1311,191,39,"{""C"": 0.2}"
upwelling_supported_domain,2006,lambdamart_ranker,current_only,1989,2005,3000,1311,191,39,"{""calibration_end"": 2005, ""calibration_rows"": 629, ""calibration_start"": 2003, ""platt_intercept"": -0.7966997505591322, ""platt_slope"": 1.1876128258807128}"
upwelling_supported_domain,2006,lambdamart_ranker,current_plus_trajectory,1989,2005,3000,1311,191,39,"{""calibration_end"": 2005, ""calibration_rows"": 629, ""calibration_start"": 2003, ""platt_intercept"": -0.8195976977819386, ""platt_slope"": 1.232355766985731}"
upwelling_supported_domain,2006,lambdamart_ranker,trajectory_plus_oisst,1989,2005,3000,1311,191,39,"{""calibration_end"": 2005, ""calibration_rows"": 629, ""calibration_start"": 2003, ""platt_intercept"": -0.8934460538255344, ""platt_slope"": 1.376495534971187}"
upwelling_supported_domain,2006,lambdamart_ranker,trajectory_plus_oisst_cuti_beuti,1989,2005,3000,1311,191,39,"{""calibration_end"": 2005, ""calibration_rows"": 629, ""calibration_start"": 2003, ""platt_intercept"": -0.7547498529306206, ""platt_slope"": 1.1055423117132699}"
upwelling_supported_domain,2007,elastic_net,current_only,1989,2006,3191,1350,217,71,"{""C"": 0.05, ""l1_ratio"": 0.0}"
upwelling_supported_domain,2007,elastic_net,current_plus_trajectory,1989,2006,3191,1350,217,71,"{""C"": 0.2, ""l1_ratio"": 1.0}"
upwelling_supported_domain,2007,elastic_net,trajectory_plus_oisst,1989,2006,3191,1350,217,71,"{""C"": 0.05, ""l1_ratio"": 1.0}"
upwelling_supported_domain,2007,elastic_net,trajectory_plus_oisst_cuti_beuti,1989,2006,3191,1350,217,71,"{""C"": 1.0, ""l1_ratio"": 0.0}"
upwelling_supported_domain,2007,hierarchical_additive,current_only,1989,2006,3191,1350,217,71,"{""C"": 1.0}"
upwelling_supported_domain,2007,hierarchical_additive,current_plus_trajectory,1989,2006,3191,1350,217,71,"{""C"": 1.0}"
upwelling_supported_domain,2007,hierarchical_additive,trajectory_plus_oisst,1989,2006,3191,1350,217,71,"{""C"": 0.2}"
upwelling_supported_domain,2007,hierarchical_additive,trajectory_plus_oisst_cuti_beuti,1989,2006,3191,1350,217,71,"{""C"": 1.0}"
upwelling_supported_domain,2007,lambdamart_ranker,current_only,1989,2006,3191,1350,217,71,"{""calibration_end"": 2006, ""calibration_rows"": 617, ""calibration_start"": 2004, ""platt_intercept"": -0.9122536189177375, ""platt_slope"": 1.0884767292345374}"
upwelling_supported_domain,2007,lambdamart_ranker,current_plus_trajectory,1989,2006,3191,1350,217,71,"{""calibration_end"": 2006, ""calibration_rows"": 617, ""calibration_start"": 2004, ""platt_intercept"": -0.9775010695740683, ""platt_slope"": 1.2134292850599027}"
upwelling_supported_domain,2007,lambdamart_ranker,trajectory_plus_oisst,1989,2006,3191,1350,217,71,"{""calibration_end"": 2006, ""calibration_rows"": 617, ""calibration_start"": 2004, ""platt_intercept"": -0.998642359362065, ""platt_slope"": 1.2540578780829705}"
upwelling_supported_domain,2007,lambdamart_ranker,trajectory_plus_oisst_cuti_beuti,1989,2006,3191,1350,217,71,"{""calibration_end"": 2006, ""calibration_rows"": 617, ""calibration_start"": 2004, ""platt_intercept"": -0.9427912755881173, ""platt_slope"": 1.1474384363983257}"
upwelling_supported_domain,2008,elastic_net,current_only,1989,2007,3408,1421,216,61,"{""C"": 0.05, ""l1_ratio"": 0.0}"
upwelling_supported_domain,2008,elastic_net,current_plus_trajectory,1989,2007,3408,1421,216,61,"{""C"": 0.05, ""l1_ratio"": 1.0}"
upwelling_supported_domain,2008,elastic_net,trajectory_plus_oisst,1989,2007,3408,1421,216,61,"{""C"": 0.05, ""l1_ratio"": 1.0}"
upwelling_supported_domain,2008,elastic_net,trajectory_plus_oisst_cuti_beuti,1989,2007,3408,1421,216,61,"{""C"": 0.05, ""l1_ratio"": 0.0}"
upwelling_supported_domain,2008,hierarchical_additive,current_only,1989,2007,3408,1421,216,61,"{""C"": 0.2}"
upwelling_supported_domain,2008,hierarchical_additive,current_plus_trajectory,1989,2007,3408,1421,216,61,"{""C"": 0.05}"
upwelling_supported_domain,2008,hierarchical_additive,trajectory_plus_oisst,1989,2007,3408,1421,216,61,"{""C"": 0.2}"
upwelling_supported_domain,2008,hierarchical_additive,trajectory_plus_oisst_cuti_beuti,1989,2007,3408,1421,216,61,"{""C"": 1.0}"
upwelling_supported_domain,2008,lambdamart_ranker,current_only,1989,2007,3408,1421,216,61,"{""calibration_end"": 2007, ""calibration_rows"": 615, ""calibration_start"": 2005, ""platt_intercept"": -1.3765537618145705, ""platt_slope"": 1.7803006164095139}"
upwelling_supported_domain,2008,lambdamart_ranker,current_plus_trajectory,1989,2007,3408,1421,216,61,"{""calibration_end"": 2007, ""calibration_rows"": 615, ""calibration_start"": 2005, ""platt_intercept"": -1.2887253943217927, ""platt_slope"": 1.6154458631993673}"
upwelling_supported_domain,2008,lambdamart_ranker,trajectory_plus_oisst,1989,2007,3408,1421,216,61,"{""calibration_end"": 2007, ""calibration_rows"": 615, ""calibration_start"": 2005, ""platt_intercept"": -1.3931945492115272, ""platt_slope"": 1.811309517148105}"
upwelling_supported_domain,2008,lambdamart_ranker,trajectory_plus_oisst_cuti_beuti,1989,2007,3408,1421,216,61,"{""calibration_end"": 2007, ""calibration_rows"": 615, ""calibration_start"": 2005, ""platt_intercept"": -1.0161734459237677, ""platt_slope"": 1.0984591463885334}"
upwelling_supported_domain,2009,elastic_net,current_only,1989,2008,3624,1482,228,99,"{""C"": 0.05, ""l1_ratio"": 0.0}"
upwelling_supported_domain,2009,elastic_net,current_plus_trajectory,1989,2008,3624,1482,228,99,"{""C"": 0.05, ""l1_ratio"": 0.5}"
upwelling_supported_domain,2009,elastic_net,trajectory_plus_oisst,1989,2008,3624,1482,228,99,"{""C"": 0.05, ""l1_ratio"": 1.0}"
upwelling_supported_domain,2009,elastic_net,trajectory_plus_oisst_cuti_beuti,1989,2008,3624,1482,228,99,"{""C"": 0.05, ""l1_ratio"": 0.5}"
upwelling_supported_domain,2009,hierarchical_additive,current_only,1989,2008,3624,1482,228,99,"{""C"": 0.2}"
upwelling_supported_domain,2009,hierarchical_additive,current_plus_trajectory,1989,2008,3624,1482,228,99,"{""C"": 0.05}"
upwelling_supported_domain,2009,hierarchical_additive,trajectory_plus_oisst,1989,2008,3624,1482,228,99,"{""C"": 0.05}"
upwelling_supported_domain,2009,hierarchical_additive,trajectory_plus_oisst_cuti_beuti,1989,2008,3624,1482,228,99,"{""C"": 1.0}"
upwelling_supported_domain,2009,lambdamart_ranker,current_only,1989,2008,3624,1482,228,99,"{""calibration_end"": 2008, ""calibration_rows"": 624, ""calibration_start"": 2006, ""platt_intercept"": -2.269417364965956, ""platt_slope"": 2.3727267458480403}"
upwelling_supported_domain,2009,lambdamart_ranker,current_plus_trajectory,1989,2008,3624,1482,228,99,"{""calibration_end"": 2008, ""calibration_rows"": 624, ""calibration_start"": 2006, ""platt_intercept"": -2.2629194549068408, ""platt_slope"": 2.361442343761246}"
upwelling_supported_domain,2009,lambdamart_ranker,trajectory_plus_oisst,1989,2008,3624,1482,228,99,"{""calibration_end"": 2008, ""calibration_rows"": 624, ""calibration_start"": 2006, ""platt_intercept"": -2.173697857820233, ""platt_slope"": 2.208716785211023}"
upwelling_supported_domain,2009,lambdamart_ranker,trajectory_plus_oisst_cuti_beuti,1989,2008,3624,1482,228,99,"{""calibration_end"": 2008, ""calibration_rows"": 624, ""calibration_start"": 2006, ""platt_intercept"": -1.874358936766459, ""platt_slope"": 1.6863599161980425}"
upwelling_supported_domain,2010,elastic_net,current_only,1989,2009,3852,1581,225,136,"{""C"": 0.05, ""l1_ratio"": 0.0}"
upwelling_supported_domain,2010,elastic_net,current_plus_trajectory,1989,2009,3852,1581,225,136,"{""C"": 0.05, ""l1_ratio"": 1.0}"
upwelling_supported_domain,2010,elastic_net,trajectory_plus_oisst,1989,2009,3852,1581,225,136,"{""C"": 0.2, ""l1_ratio"": 1.0}"
upwelling_supported_domain,2010,elastic_net,trajectory_plus_oisst_cuti_beuti,1989,2009,3852,1581,225,136,"{""C"": 0.05, ""l1_ratio"": 1.0}"
upwelling_supported_domain,2010,hierarchical_additive,current_only,1989,2009,3852,1581,225,136,"{""C"": 0.2}"
upwelling_supported_domain,2010,hierarchical_additive,current_plus_trajectory,1989,2009,3852,1581,225,136,"{""C"": 0.05}"
upwelling_supported_domain,2010,hierarchical_additive,trajectory_plus_oisst,1989,2009,3852,1581,225,136,"{""C"": 0.2}"
upwelling_supported_domain,2010,hierarchical_additive,trajectory_plus_oisst_cuti_beuti,1989,2009,3852,1581,225,136,"{""C"": 1.0}"
upwelling_supported_domain,2010,lambdamart_ranker,current_only,1989,2009,3852,1581,225,136,"{""calibration_end"": 2009, ""calibration_rows"": 661, ""calibration_start"": 2007, ""platt_intercept"": -1.7742289705272043, ""platt_slope"": 2.1789986250886018}"
upwelling_supported_domain,2010,lambdamart_ranker,current_plus_trajectory,1989,2009,3852,1581,225,136,"{""calibration_end"": 2009, ""calibration_rows"": 661, ""calibration_start"": 2007, ""platt_intercept"": -1.8458578822375158, ""platt_slope"": 2.3077061797606486}"
upwelling_supported_domain,2010,lambdamart_ranker,trajectory_plus_oisst,1989,2009,3852,1581,225,136,"{""calibration_end"": 2009, ""calibration_rows"": 661, ""calibration_start"": 2007, ""platt_intercept"": -1.7565572761722117, ""platt_slope"": 2.1470701533020553}"
upwelling_supported_domain,2010,lambdamart_ranker,trajectory_plus_oisst_cuti_beuti,1989,2009,3852,1581,225,136,"{""calibration_end"": 2009, ""calibration_rows"": 661, ""calibration_start"": 2007, ""platt_intercept"": -1.4636266533985536, ""platt_slope"": 1.6126143632256336}"
upwelling_supported_domain,2011,elastic_net,current_only,1989,2010,4077,1717,186,65,"{""C"": 0.05, ""l1_ratio"": 0.0}"
upwelling_supported_domain,2011,elastic_net,current_plus_trajectory,1989,2010,4077,1717,186,65,"{""C"": 0.05, ""l1_ratio"": 1.0}"
upwelling_supported_domain,2011,elastic_net,trajectory_plus_oisst,1989,2010,4077,1717,186,65,"{""C"": 0.05, ""l1_ratio"": 1.0}"
upwelling_supported_domain,2011,elastic_net,trajectory_plus_oisst_cuti_beuti,1989,2010,4077,1717,186,65,"{""C"": 0.05, ""l1_ratio"": 1.0}"
upwelling_supported_domain,2011,hierarchical_additive,current_only,1989,2010,4077,1717,186,65,"{""C"": 0.2}"
upwelling_supported_domain,2011,hierarchical_additive,current_plus_trajectory,1989,2010,4077,1717,186,65,"{""C"": 0.05}"
upwelling_supported_domain,2011,hierarchical_additive,trajectory_plus_oisst,1989,2010,4077,1717,186,65,"{""C"": 1.0}"
upwelling_supported_domain,2011,hierarchical_additive,trajectory_plus_oisst_cuti_beuti,1989,2010,4077,1717,186,65,"{""C"": 1.0}"
upwelling_supported_domain,2011,lambdamart_ranker,current_only,1989,2010,4077,1717,186,65,"{""calibration_end"": 2010, ""calibration_rows"": 669, ""calibration_start"": 2008, ""platt_intercept"": -1.1950698843556065, ""platt_slope"": 1.8857211911771348}"
upwelling_supported_domain,2011,lambdamart_ranker,current_plus_trajectory,1989,2010,4077,1717,186,65,"{""calibration_end"": 2010, ""calibration_rows"": 669, ""calibration_start"": 2008, ""platt_intercept"": -1.2928687568099695, ""platt_slope"": 2.0735761381967315}"
upwelling_supported_domain,2011,lambdamart_ranker,trajectory_plus_oisst,1989,2010,4077,1717,186,65,"{""calibration_end"": 2010, ""calibration_rows"": 669, ""calibration_start"": 2008, ""platt_intercept"": -1.1685938650428354, ""platt_slope"": 1.8347290795077396}"
upwelling_supported_domain,2011,lambdamart_ranker,trajectory_plus_oisst_cuti_beuti,1989,2010,4077,1717,186,65,"{""calibration_end"": 2010, ""calibration_rows"": 669, ""calibration_start"": 2008, ""platt_intercept"": -1.1838374068043747, ""platt_slope"": 1.8640778620213256}"
upwelling_supported_domain,2012,elastic_net,current_only,1989,2011,4263,1782,196,28,"{""C"": 0.05, ""l1_ratio"": 0.0}"
upwelling_supported_domain,2012,elastic_net,current_plus_trajectory,1989,2011,4263,1782,196,28,"{""C"": 0.05, ""l1_ratio"": 1.0}"
upwelling_supported_domain,2012,elastic_net,trajectory_plus_oisst,1989,2011,4263,1782,196,28,"{""C"": 0.05, ""l1_ratio"": 1.0}"
upwelling_supported_domain,2012,elastic_net,trajectory_plus_oisst_cuti_beuti,1989,2011,4263,1782,196,28,"{""C"": 0.05, ""l1_ratio"": 0.0}"
upwelling_supported_domain,2012,hierarchical_additive,current_only,1989,2011,4263,1782,196,28,"{""C"": 1.0}"
upwelling_supported_domain,2012,hierarchical_additive,current_plus_trajectory,1989,2011,4263,1782,196,28,"{""C"": 0.2}"
upwelling_supported_domain,2012,hierarchical_additive,trajectory_plus_oisst,1989,2011,4263,1782,196,28,"{""C"": 1.0}"
upwelling_supported_domain,2012,hierarchical_additive,trajectory_plus_oisst_cuti_beuti,1989,2011,4263,1782,196,28,"{""C"": 0.05}"
upwelling_supported_domain,2012,lambdamart_ranker,current_only,1989,2011,4263,1782,196,28,"{""calibration_end"": 2011, ""calibration_rows"": 639, ""calibration_start"": 2009, ""platt_intercept"": -1.1613513604403416, ""platt_slope"": 2.0484724970692736}"
upwelling_supported_domain,2012,lambdamart_ranker,current_plus_trajectory,1989,2011,4263,1782,196,28,"{""calibration_end"": 2011, ""calibration_rows"": 639, ""calibration_start"": 2009, ""platt_intercept"": -1.3336250968220817, ""platt_slope"": 2.384231168441705}"
upwelling_supported_domain,2012,lambdamart_ranker,trajectory_plus_oisst,1989,2011,4263,1782,196,28,"{""calibration_end"": 2011, ""calibration_rows"": 639, ""calibration_start"": 2009, ""platt_intercept"": -1.2769123362595358, ""platt_slope"": 2.273073003627559}"
upwelling_supported_domain,2012,lambdamart_ranker,trajectory_plus_oisst_cuti_beuti,1989,2011,4263,1782,196,28,"{""calibration_end"": 2011, ""calibration_rows"": 639, ""calibration_start"": 2009, ""platt_intercept"": -1.423588408521332, ""platt_slope"": 2.558309535276293}"
upwelling_supported_domain,2013,elastic_net,current_only,1989,2012,4459,1810,230,185,"{""C"": 0.05, ""l1_ratio"": 0.0}"
upwelling_supported_domain,2013,elastic_net,current_plus_trajectory,1989,2012,4459,1810,230,185,"{""C"": 0.05, ""l1_ratio"": 1.0}"
upwelling_supported_domain,2013,elastic_net,trajectory_plus_oisst,1989,2012,4459,1810,230,185,"{""C"": 1.0, ""l1_ratio"": 1.0}"
upwelling_supported_domain,2013,elastic_net,trajectory_plus_oisst_cuti_beuti,1989,2012,4459,1810,230,185,"{""C"": 0.05, ""l1_ratio"": 0.0}"
upwelling_supported_domain,2013,hierarchical_additive,current_only,1989,2012,4459,1810,230,185,"{""C"": 1.0}"
upwelling_supported_domain,2013,hierarchical_additive,current_plus_trajectory,1989,2012,4459,1810,230,185,"{""C"": 1.0}"
upwelling_supported_domain,2013,hierarchical_additive,trajectory_plus_oisst,1989,2012,4459,1810,230,185,"{""C"": 0.2}"
upwelling_supported_domain,2013,hierarchical_additive,trajectory_plus_oisst_cuti_beuti,1989,2012,4459,1810,230,185,"{""C"": 0.05}"
upwelling_supported_domain,2013,lambdamart_ranker,current_only,1989,2012,4459,1810,230,185,"{""calibration_end"": 2012, ""calibration_rows"": 607, ""calibration_start"": 2010, ""platt_intercept"": -1.6087806030985081, ""platt_slope"": 2.1153016884111278}"
upwelling_supported_domain,2013,lambdamart_ranker,current_plus_trajectory,1989,2012,4459,1810,230,185,"{""calibration_end"": 2012, ""calibration_rows"": 607, ""calibration_start"": 2010, ""platt_intercept"": -1.7235649211571356, ""platt_slope"": 2.3255160184214874}"
upwelling_supported_domain,2013,lambdamart_ranker,trajectory_plus_oisst,1989,2012,4459,1810,230,185,"{""calibration_end"": 2012, ""calibration_rows"": 607, ""calibration_start"": 2010, ""platt_intercept"": -1.6638682053005587, ""platt_slope"": 2.2162925043020296}"
upwelling_supported_domain,2013,lambdamart_ranker,trajectory_plus_oisst_cuti_beuti,1989,2012,4459,1810,230,185,"{""calibration_end"": 2012, ""calibration_rows"": 607, ""calibration_start"": 2010, ""platt_intercept"": -1.7341826048452005, ""platt_slope"": 2.3449037727062683}"
upwelling_supported_domain,2014,elastic_net,current_only,1989,2013,4689,1995,188,73,"{""C"": 0.05, ""l1_ratio"": 0.0}"
upwelling_supported_domain,2014,elastic_net,current_plus_trajectory,1989,2013,4689,1995,188,73,"{""C"": 0.05, ""l1_ratio"": 1.0}"
upwelling_supported_domain,2014,elastic_net,trajectory_plus_oisst,1989,2013,4689,1995,188,73,"{""C"": 0.05, ""l1_ratio"": 1.0}"
upwelling_supported_domain,2014,elastic_net,trajectory_plus_oisst_cuti_beuti,1989,2013,4689,1995,188,73,"{""C"": 0.05, ""l1_ratio"": 0.0}"
upwelling_supported_domain,2014,hierarchical_additive,current_only,1989,2013,4689,1995,188,73,"{""C"": 0.2}"
upwelling_supported_domain,2014,hierarchical_additive,current_plus_trajectory,1989,2013,4689,1995,188,73,"{""C"": 0.2}"
upwelling_supported_domain,2014,hierarchical_additive,trajectory_plus_oisst,1989,2013,4689,1995,188,73,"{""C"": 0.05}"
upwelling_supported_domain,2014,hierarchical_additive,trajectory_plus_oisst_cuti_beuti,1989,2013,4689,1995,188,73,"{""C"": 0.05}"
upwelling_supported_domain,2014,lambdamart_ranker,current_only,1989,2013,4689,1995,188,73,"{""calibration_end"": 2013, ""calibration_rows"": 612, ""calibration_start"": 2011, ""platt_intercept"": -0.9792640872385473, ""platt_slope"": 1.5659360165189444}"
upwelling_supported_domain,2014,lambdamart_ranker,current_plus_trajectory,1989,2013,4689,1995,188,73,"{""calibration_end"": 2013, ""calibration_rows"": 612, ""calibration_start"": 2011, ""platt_intercept"": -1.0697120446920163, ""platt_slope"": 1.7410506480548953}"
upwelling_supported_domain,2014,lambdamart_ranker,trajectory_plus_oisst,1989,2013,4689,1995,188,73,"{""calibration_end"": 2013, ""calibration_rows"": 612, ""calibration_start"": 2011, ""platt_intercept"": -1.077593663862574, ""platt_slope"": 1.7563428840332762}"
upwelling_supported_domain,2014,lambdamart_ranker,trajectory_plus_oisst_cuti_beuti,1989,2013,4689,1995,188,73,"{""calibration_end"": 2013, ""calibration_rows"": 612, ""calibration_start"": 2011, ""platt_intercept"": -1.1506061548990658, ""platt_slope"": 1.8978576941500835}"
upwelling_supported_domain,2015,elastic_net,current_only,1989,2014,4877,2068,163,53,"{""C"": 0.05, ""l1_ratio"": 0.0}"
upwelling_supported_domain,2015,elastic_net,current_plus_trajectory,1989,2014,4877,2068,163,53,"{""C"": 0.05, ""l1_ratio"": 0.5}"
upwelling_supported_domain,2015,elastic_net,trajectory_plus_oisst,1989,2014,4877,2068,163,53,"{""C"": 0.05, ""l1_ratio"": 0.5}"
upwelling_supported_domain,2015,elastic_net,trajectory_plus_oisst_cuti_beuti,1989,2014,4877,2068,163,53,"{""C"": 0.05, ""l1_ratio"": 0.0}"
upwelling_supported_domain,2015,hierarchical_additive,current_only,1989,2014,4877,2068,163,53,"{""C"": 0.2}"
upwelling_supported_domain,2015,hierarchical_additive,current_plus_trajectory,1989,2014,4877,2068,163,53,"{""C"": 0.2}"
upwelling_supported_domain,2015,hierarchical_additive,trajectory_plus_oisst,1989,2014,4877,2068,163,53,"{""C"": 1.0}"
upwelling_supported_domain,2015,hierarchical_additive,trajectory_plus_oisst_cuti_beuti,1989,2014,4877,2068,163,53,"{""C"": 1.0}"
upwelling_supported_domain,2015,lambdamart_ranker,current_only,1989,2014,4877,2068,163,53,"{""calibration_end"": 2014, ""calibration_rows"": 614, ""calibration_start"": 2012, ""platt_intercept"": -0.8862916780213697, ""platt_slope"": 1.4795536632609925}"
upwelling_supported_domain,2015,lambdamart_ranker,current_plus_trajectory,1989,2014,4877,2068,163,53,"{""calibration_end"": 2014, ""calibration_rows"": 614, ""calibration_start"": 2012, ""platt_intercept"": -0.7248347050954232, ""platt_slope"": 1.1625570183154597}"
upwelling_supported_domain,2015,lambdamart_ranker,trajectory_plus_oisst,1989,2014,4877,2068,163,53,"{""calibration_end"": 2014, ""calibration_rows"": 614, ""calibration_start"": 2012, ""platt_intercept"": -0.7172521849550686, ""platt_slope"": 1.1475230256176379}"
upwelling_supported_domain,2015,lambdamart_ranker,trajectory_plus_oisst_cuti_beuti,1989,2014,4877,2068,163,53,"{""calibration_end"": 2014, ""calibration_rows"": 614, ""calibration_start"": 2012, ""platt_intercept"": -0.8185777306173856, ""platt_slope"": 1.3467050318014961}"
upwelling_supported_domain,2016,elastic_net,current_only,1989,2015,5040,2121,168,71,"{""C"": 0.05, ""l1_ratio"": 0.0}"
upwelling_supported_domain,2016,elastic_net,current_plus_trajectory,1989,2015,5040,2121,168,71,"{""C"": 0.2, ""l1_ratio"": 1.0}"
upwelling_supported_domain,2016,elastic_net,trajectory_plus_oisst,1989,2015,5040,2121,168,71,"{""C"": 0.2, ""l1_ratio"": 1.0}"
upwelling_supported_domain,2016,elastic_net,trajectory_plus_oisst_cuti_beuti,1989,2015,5040,2121,168,71,"{""C"": 0.05, ""l1_ratio"": 0.0}"
upwelling_supported_domain,2016,hierarchical_additive,current_only,1989,2015,5040,2121,168,71,"{""C"": 0.2}"
upwelling_supported_domain,2016,hierarchical_additive,current_plus_trajectory,1989,2015,5040,2121,168,71,"{""C"": 1.0}"
upwelling_supported_domain,2016,hierarchical_additive,trajectory_plus_oisst,1989,2015,5040,2121,168,71,"{""C"": 1.0}"
upwelling_supported_domain,2016,hierarchical_additive,trajectory_plus_oisst_cuti_beuti,1989,2015,5040,2121,168,71,"{""C"": 1.0}"
upwelling_supported_domain,2016,lambdamart_ranker,current_only,1989,2015,5040,2121,168,71,"{""calibration_end"": 2015, ""calibration_rows"": 581, ""calibration_start"": 2013, ""platt_intercept"": -0.5812650911610592, ""platt_slope"": 1.4497380315876744}"
upwelling_supported_domain,2016,lambdamart_ranker,current_plus_trajectory,1989,2015,5040,2121,168,71,"{""calibration_end"": 2015, ""calibration_rows"": 581, ""calibration_start"": 2013, ""platt_intercept"": -0.34523544778854265, ""platt_slope"": 0.9736910716627929}"
upwelling_supported_domain,2016,lambdamart_ranker,trajectory_plus_oisst,1989,2015,5040,2121,168,71,"{""calibration_end"": 2015, ""calibration_rows"": 581, ""calibration_start"": 2013, ""platt_intercept"": -0.5534079164141282, ""platt_slope"": 1.3934191402065572}"
upwelling_supported_domain,2016,lambdamart_ranker,trajectory_plus_oisst_cuti_beuti,1989,2015,5040,2121,168,71,"{""calibration_end"": 2015, ""calibration_rows"": 581, ""calibration_start"": 2013, ""platt_intercept"": -0.5463837354253857, ""platt_slope"": 1.379224571967751}"
upwelling_supported_domain,2017,elastic_net,current_only,1989,2016,5208,2192,175,36,"{""C"": 0.05, ""l1_ratio"": 0.0}"
upwelling_supported_domain,2017,elastic_net,current_plus_trajectory,1989,2016,5208,2192,175,36,"{""C"": 0.05, ""l1_ratio"": 1.0}"
upwelling_supported_domain,2017,elastic_net,trajectory_plus_oisst,1989,2016,5208,2192,175,36,"{""C"": 0.2, ""l1_ratio"": 0.0}"
upwelling_supported_domain,2017,elastic_net,trajectory_plus_oisst_cuti_beuti,1989,2016,5208,2192,175,36,"{""C"": 0.05, ""l1_ratio"": 0.0}"
upwelling_supported_domain,2017,hierarchical_additive,current_only,1989,2016,5208,2192,175,36,"{""C"": 0.2}"
upwelling_supported_domain,2017,hierarchical_additive,current_plus_trajectory,1989,2016,5208,2192,175,36,"{""C"": 1.0}"
upwelling_supported_domain,2017,hierarchical_additive,trajectory_plus_oisst,1989,2016,5208,2192,175,36,"{""C"": 1.0}"
upwelling_supported_domain,2017,hierarchical_additive,trajectory_plus_oisst_cuti_beuti,1989,2016,5208,2192,175,36,"{""C"": 1.0}"
upwelling_supported_domain,2017,lambdamart_ranker,current_only,1989,2016,5208,2192,175,36,"{""calibration_end"": 2016, ""calibration_rows"": 519, ""calibration_start"": 2014, ""platt_intercept"": -1.4997491330157862, ""platt_slope"": 1.9322306334352188}"
upwelling_supported_domain,2017,lambdamart_ranker,current_plus_trajectory,1989,2016,5208,2192,175,36,"{""calibration_end"": 2016, ""calibration_rows"": 519, ""calibration_start"": 2014, ""platt_intercept"": -1.2662582228097596, ""platt_slope"": 1.496669679919007}"
upwelling_supported_domain,2017,lambdamart_ranker,trajectory_plus_oisst,1989,2016,5208,2192,175,36,"{""calibration_end"": 2016, ""calibration_rows"": 519, ""calibration_start"": 2014, ""platt_intercept"": -1.1675326461899809, ""platt_slope"": 1.3105880892769017}"
upwelling_supported_domain,2017,lambdamart_ranker,trajectory_plus_oisst_cuti_beuti,1989,2016,5208,2192,175,36,"{""calibration_end"": 2016, ""calibration_rows"": 519, ""calibration_start"": 2014, ""platt_intercept"": -1.3208777247688819, ""platt_slope"": 1.5990928912689228}"
upwelling_supported_domain,2018,elastic_net,current_only,1989,2017,5383,2228,181,156,"{""C"": 0.05, ""l1_ratio"": 0.0}"
upwelling_supported_domain,2018,elastic_net,current_plus_trajectory,1989,2017,5383,2228,181,156,"{""C"": 1.0, ""l1_ratio"": 0.0}"
upwelling_supported_domain,2018,elastic_net,trajectory_plus_oisst,1989,2017,5383,2228,181,156,"{""C"": 1.0, ""l1_ratio"": 0.5}"
upwelling_supported_domain,2018,elastic_net,trajectory_plus_oisst_cuti_beuti,1989,2017,5383,2228,181,156,"{""C"": 0.05, ""l1_ratio"": 1.0}"
upwelling_supported_domain,2018,hierarchical_additive,current_only,1989,2017,5383,2228,181,156,"{""C"": 0.2}"
upwelling_supported_domain,2018,hierarchical_additive,current_plus_trajectory,1989,2017,5383,2228,181,156,"{""C"": 0.2}"
upwelling_supported_domain,2018,hierarchical_additive,trajectory_plus_oisst,1989,2017,5383,2228,181,156,"{""C"": 1.0}"
upwelling_supported_domain,2018,hierarchical_additive,trajectory_plus_oisst_cuti_beuti,1989,2017,5383,2228,181,156,"{""C"": 1.0}"
upwelling_supported_domain,2018,lambdamart_ranker,current_only,1989,2017,5383,2228,181,156,"{""calibration_end"": 2017, ""calibration_rows"": 506, ""calibration_start"": 2015, ""platt_intercept"": -1.6437542987759817, ""platt_slope"": 1.6526700997171437}"
upwelling_supported_domain,2018,lambdamart_ranker,current_plus_trajectory,1989,2017,5383,2228,181,156,"{""calibration_end"": 2017, ""calibration_rows"": 506, ""calibration_start"": 2015, ""platt_intercept"": -1.7595783990138671, ""platt_slope"": 1.8610029649824764}"
upwelling_supported_domain,2018,lambdamart_ranker,trajectory_plus_oisst,1989,2017,5383,2228,181,156,"{""calibration_end"": 2017, ""calibration_rows"": 506, ""calibration_start"": 2015, ""platt_intercept"": -1.7910260386582817, ""platt_slope"": 1.9172519308250482}"
upwelling_supported_domain,2018,lambdamart_ranker,trajectory_plus_oisst_cuti_beuti,1989,2017,5383,2228,181,156,"{""calibration_end"": 2017, ""calibration_rows"": 506, ""calibration_start"": 2015, ""platt_intercept"": -1.5244634653996985, ""platt_slope"": 1.435624336545002}"
upwelling_supported_domain,2019,elastic_net,current_only,1989,2018,5564,2384,123,21,"{""C"": 0.05, ""l1_ratio"": 0.0}"
upwelling_supported_domain,2019,elastic_net,current_plus_trajectory,1989,2018,5564,2384,123,21,"{""C"": 1.0, ""l1_ratio"": 1.0}"
upwelling_supported_domain,2019,elastic_net,trajectory_plus_oisst,1989,2018,5564,2384,123,21,"{""C"": 0.05, ""l1_ratio"": 1.0}"
upwelling_supported_domain,2019,elastic_net,trajectory_plus_oisst_cuti_beuti,1989,2018,5564,2384,123,21,"{""C"": 0.05, ""l1_ratio"": 0.5}"
upwelling_supported_domain,2019,hierarchical_additive,current_only,1989,2018,5564,2384,123,21,"{""C"": 0.05}"
upwelling_supported_domain,2019,hierarchical_additive,current_plus_trajectory,1989,2018,5564,2384,123,21,"{""C"": 0.05}"
upwelling_supported_domain,2019,hierarchical_additive,trajectory_plus_oisst,1989,2018,5564,2384,123,21,"{""C"": 0.05}"
upwelling_supported_domain,2019,hierarchical_additive,trajectory_plus_oisst_cuti_beuti,1989,2018,5564,2384,123,21,"{""C"": 0.2}"
upwelling_supported_domain,2019,lambdamart_ranker,current_only,1989,2018,5564,2384,123,21,"{""calibration_end"": 2018, ""calibration_rows"": 524, ""calibration_start"": 2016, ""platt_intercept"": -0.4693919272482891, ""platt_slope"": 0.9489236776456248}"
upwelling_supported_domain,2019,lambdamart_ranker,current_plus_trajectory,1989,2018,5564,2384,123,21,"{""calibration_end"": 2018, ""calibration_rows"": 524, ""calibration_start"": 2016, ""platt_intercept"": -0.5060315661642516, ""platt_slope"": 1.0218292184276594}"
upwelling_supported_domain,2019,lambdamart_ranker,trajectory_plus_oisst,1989,2018,5564,2384,123,21,"{""calibration_end"": 2018, ""calibration_rows"": 524, ""calibration_start"": 2016, ""platt_intercept"": -0.5129188781490379, ""platt_slope"": 1.0355355478483501}"
upwelling_supported_domain,2019,lambdamart_ranker,trajectory_plus_oisst_cuti_beuti,1989,2018,5564,2384,123,21,"{""calibration_end"": 2018, ""calibration_rows"": 524, ""calibration_start"": 2016, ""platt_intercept"": -0.21108777684211055, ""platt_slope"": 0.4350581449298532}"
upwelling_supported_domain,2020,elastic_net,current_only,1989,2019,5687,2405,156,56,"{""C"": 0.05, ""l1_ratio"": 0.0}"
upwelling_supported_domain,2020,elastic_net,current_plus_trajectory,1989,2019,5687,2405,156,56,"{""C"": 0.2, ""l1_ratio"": 1.0}"
upwelling_supported_domain,2020,elastic_net,trajectory_plus_oisst,1989,2019,5687,2405,156,56,"{""C"": 0.05, ""l1_ratio"": 0.0}"
upwelling_supported_domain,2020,elastic_net,trajectory_plus_oisst_cuti_beuti,1989,2019,5687,2405,156,56,"{""C"": 0.05, ""l1_ratio"": 0.0}"
upwelling_supported_domain,2020,hierarchical_additive,current_only,1989,2019,5687,2405,156,56,"{""C"": 1.0}"
upwelling_supported_domain,2020,hierarchical_additive,current_plus_trajectory,1989,2019,5687,2405,156,56,"{""C"": 0.05}"
upwelling_supported_domain,2020,hierarchical_additive,trajectory_plus_oisst,1989,2019,5687,2405,156,56,"{""C"": 0.05}"
upwelling_supported_domain,2020,hierarchical_additive,trajectory_plus_oisst_cuti_beuti,1989,2019,5687,2405,156,56,"{""C"": 0.2}"
upwelling_supported_domain,2020,lambdamart_ranker,current_only,1989,2019,5687,2405,156,56,"{""calibration_end"": 2019, ""calibration_rows"": 479, ""calibration_start"": 2017, ""platt_intercept"": -0.649147141564016, ""platt_slope"": 0.8422767040456192}"
upwelling_supported_domain,2020,lambdamart_ranker,current_plus_trajectory,1989,2019,5687,2405,156,56,"{""calibration_end"": 2019, ""calibration_rows"": 479, ""calibration_start"": 2017, ""platt_intercept"": -0.7142482795962541, ""platt_slope"": 0.9696206920818803}"
upwelling_supported_domain,2020,lambdamart_ranker,trajectory_plus_oisst,1989,2019,5687,2405,156,56,"{""calibration_end"": 2019, ""calibration_rows"": 479, ""calibration_start"": 2017, ""platt_intercept"": -0.6558677009113073, ""platt_slope"": 0.8554022589381665}"
upwelling_supported_domain,2020,lambdamart_ranker,trajectory_plus_oisst_cuti_beuti,1989,2019,5687,2405,156,56,"{""calibration_end"": 2019, ""calibration_rows"": 479, ""calibration_start"": 2017, ""platt_intercept"": -0.6684939737474405, ""platt_slope"": 0.8801246513517558}"
upwelling_supported_domain,2021,elastic_net,current_only,1989,2020,5843,2461,161,46,"{""C"": 0.05, ""l1_ratio"": 0.0}"
upwelling_supported_domain,2021,elastic_net,current_plus_trajectory,1989,2020,5843,2461,161,46,"{""C"": 0.05, ""l1_ratio"": 0.5}"
upwelling_supported_domain,2021,elastic_net,trajectory_plus_oisst,1989,2020,5843,2461,161,46,"{""C"": 0.05, ""l1_ratio"": 0.5}"
upwelling_supported_domain,2021,elastic_net,trajectory_plus_oisst_cuti_beuti,1989,2020,5843,2461,161,46,"{""C"": 0.05, ""l1_ratio"": 1.0}"
upwelling_supported_domain,2021,hierarchical_additive,current_only,1989,2020,5843,2461,161,46,"{""C"": 1.0}"
upwelling_supported_domain,2021,hierarchical_additive,current_plus_trajectory,1989,2020,5843,2461,161,46,"{""C"": 0.05}"
upwelling_supported_domain,2021,hierarchical_additive,trajectory_plus_oisst,1989,2020,5843,2461,161,46,"{""C"": 0.05}"
upwelling_supported_domain,2021,hierarchical_additive,trajectory_plus_oisst_cuti_beuti,1989,2020,5843,2461,161,46,"{""C"": 0.2}"
upwelling_supported_domain,2021,lambdamart_ranker,current_only,1989,2020,5843,2461,161,46,"{""calibration_end"": 2020, ""calibration_rows"": 460, ""calibration_start"": 2018, ""platt_intercept"": -0.12122461193151239, ""platt_slope"": 0.29281669039058855}"
upwelling_supported_domain,2021,lambdamart_ranker,current_plus_trajectory,1989,2020,5843,2461,161,46,"{""calibration_end"": 2020, ""calibration_rows"": 460, ""calibration_start"": 2018, ""platt_intercept"": -0.23864627852208325, ""platt_slope"": 0.5260738771327512}"
upwelling_supported_domain,2021,lambdamart_ranker,trajectory_plus_oisst,1989,2020,5843,2461,161,46,"{""calibration_end"": 2020, ""calibration_rows"": 460, ""calibration_start"": 2018, ""platt_intercept"": -0.20067785184325243, ""platt_slope"": 0.45037762493767364}"
upwelling_supported_domain,2021,lambdamart_ranker,trajectory_plus_oisst_cuti_beuti,1989,2020,5843,2461,161,46,"{""calibration_end"": 2020, ""calibration_rows"": 460, ""calibration_start"": 2018, ""platt_intercept"": -0.17845957439382187, ""platt_slope"": 0.4061345722409103}"
upwelling_supported_domain,2022,elastic_net,current_only,1989,2021,6004,2507,160,126,"{""C"": 0.05, ""l1_ratio"": 0.0}"
upwelling_supported_domain,2022,elastic_net,current_plus_trajectory,1989,2021,6004,2507,160,126,"{""C"": 0.05, ""l1_ratio"": 0.0}"
upwelling_supported_domain,2022,elastic_net,trajectory_plus_oisst,1989,2021,6004,2507,160,126,"{""C"": 0.05, ""l1_ratio"": 0.0}"
upwelling_supported_domain,2022,elastic_net,trajectory_plus_oisst_cuti_beuti,1989,2021,6004,2507,160,126,"{""C"": 0.05, ""l1_ratio"": 1.0}"
upwelling_supported_domain,2022,hierarchical_additive,current_only,1989,2021,6004,2507,160,126,"{""C"": 1.0}"
upwelling_supported_domain,2022,hierarchical_additive,current_plus_trajectory,1989,2021,6004,2507,160,126,"{""C"": 0.05}"
upwelling_supported_domain,2022,hierarchical_additive,trajectory_plus_oisst,1989,2021,6004,2507,160,126,"{""C"": 0.05}"
upwelling_supported_domain,2022,hierarchical_additive,trajectory_plus_oisst_cuti_beuti,1989,2021,6004,2507,160,126,"{""C"": 0.05}"
upwelling_supported_domain,2022,lambdamart_ranker,current_only,1989,2021,6004,2507,160,126,"{""calibration_end"": 2021, ""calibration_rows"": 440, ""calibration_start"": 2019, ""platt_intercept"": -1.2306721021100193, ""platt_slope"": 0.5533664703752621}"
upwelling_supported_domain,2022,lambdamart_ranker,current_plus_trajectory,1989,2021,6004,2507,160,126,"{""calibration_end"": 2021, ""calibration_rows"": 440, ""calibration_start"": 2019, ""platt_intercept"": -1.6311142103036156, ""platt_slope"": 1.298874078280254}"
upwelling_supported_domain,2022,lambdamart_ranker,trajectory_plus_oisst,1989,2021,6004,2507,160,126,"{""calibration_end"": 2021, ""calibration_rows"": 440, ""calibration_start"": 2019, ""platt_intercept"": -1.4731156197228688, ""platt_slope"": 1.008751100124704}"
upwelling_supported_domain,2022,lambdamart_ranker,trajectory_plus_oisst_cuti_beuti,1989,2021,6004,2507,160,126,"{""calibration_end"": 2021, ""calibration_rows"": 440, ""calibration_start"": 2019, ""platt_intercept"": -1.4401455999927402, ""platt_slope"": 0.9475613213804545}"
upwelling_supported_domain,2023,elastic_net,current_only,1989,2022,6164,2633,111,10,"{""C"": 0.05, ""l1_ratio"": 0.0}"
upwelling_supported_domain,2023,elastic_net,current_plus_trajectory,1989,2022,6164,2633,111,10,"{""C"": 0.05, ""l1_ratio"": 0.0}"
upwelling_supported_domain,2023,elastic_net,trajectory_plus_oisst,1989,2022,6164,2633,111,10,"{""C"": 1.0, ""l1_ratio"": 1.0}"
upwelling_supported_domain,2023,elastic_net,trajectory_plus_oisst_cuti_beuti,1989,2022,6164,2633,111,10,"{""C"": 0.05, ""l1_ratio"": 1.0}"
upwelling_supported_domain,2023,hierarchical_additive,current_only,1989,2022,6164,2633,111,10,"{""C"": 1.0}"
upwelling_supported_domain,2023,hierarchical_additive,current_plus_trajectory,1989,2022,6164,2633,111,10,"{""C"": 0.05}"
upwelling_supported_domain,2023,hierarchical_additive,trajectory_plus_oisst,1989,2022,6164,2633,111,10,"{""C"": 0.05}"
upwelling_supported_domain,2023,hierarchical_additive,trajectory_plus_oisst_cuti_beuti,1989,2022,6164,2633,111,10,"{""C"": 0.05}"
upwelling_supported_domain,2023,lambdamart_ranker,current_only,1989,2022,6164,2633,111,10,"{""calibration_end"": 2022, ""calibration_rows"": 477, ""calibration_start"": 2020, ""platt_intercept"": -0.18044202011553653, ""platt_slope"": 0.18294400144685985}"
upwelling_supported_domain,2023,lambdamart_ranker,current_plus_trajectory,1989,2022,6164,2633,111,10,"{""calibration_end"": 2022, ""calibration_rows"": 477, ""calibration_start"": 2020, ""platt_intercept"": -0.46019064810573806, ""platt_slope"": 0.7375664152335374}"
upwelling_supported_domain,2023,lambdamart_ranker,trajectory_plus_oisst,1989,2022,6164,2633,111,10,"{""calibration_end"": 2022, ""calibration_rows"": 477, ""calibration_start"": 2020, ""platt_intercept"": -0.28102734668138685, ""platt_slope"": 0.3828717077772685}"
upwelling_supported_domain,2023,lambdamart_ranker,trajectory_plus_oisst_cuti_beuti,1989,2022,6164,2633,111,10,"{""calibration_end"": 2022, ""calibration_rows"": 477, ""calibration_start"": 2020, ""platt_intercept"": -0.400522347059957, ""platt_slope"": 0.6195430546137304}"
upwelling_supported_domain,2024,elastic_net,current_only,1989,2023,6275,2643,138,39,"{""C"": 0.05, ""l1_ratio"": 0.0}"
upwelling_supported_domain,2024,elastic_net,current_plus_trajectory,1989,2023,6275,2643,138,39,"{""C"": 0.2, ""l1_ratio"": 0.5}"
upwelling_supported_domain,2024,elastic_net,trajectory_plus_oisst,1989,2023,6275,2643,138,39,"{""C"": 0.05, ""l1_ratio"": 1.0}"
upwelling_supported_domain,2024,elastic_net,trajectory_plus_oisst_cuti_beuti,1989,2023,6275,2643,138,39,"{""C"": 0.05, ""l1_ratio"": 1.0}"
upwelling_supported_domain,2024,hierarchical_additive,current_only,1989,2023,6275,2643,138,39,"{""C"": 1.0}"
upwelling_supported_domain,2024,hierarchical_additive,current_plus_trajectory,1989,2023,6275,2643,138,39,"{""C"": 0.05}"
upwelling_supported_domain,2024,hierarchical_additive,trajectory_plus_oisst,1989,2023,6275,2643,138,39,"{""C"": 0.05}"
upwelling_supported_domain,2024,hierarchical_additive,trajectory_plus_oisst_cuti_beuti,1989,2023,6275,2643,138,39,"{""C"": 0.05}"
upwelling_supported_domain,2024,lambdamart_ranker,current_only,1989,2023,6275,2643,138,39,"{""calibration_end"": 2023, ""calibration_rows"": 432, ""calibration_start"": 2021, ""platt_intercept"": -0.5015036100056084, ""platt_slope"": 0.36344648446170963}"
upwelling_supported_domain,2024,lambdamart_ranker,current_plus_trajectory,1989,2023,6275,2643,138,39,"{""calibration_end"": 2023, ""calibration_rows"": 432, ""calibration_start"": 2021, ""platt_intercept"": -0.8285087449220819, ""platt_slope"": 1.0024712848436748}"
upwelling_supported_domain,2024,lambdamart_ranker,trajectory_plus_oisst,1989,2023,6275,2643,138,39,"{""calibration_end"": 2023, ""calibration_rows"": 432, ""calibration_start"": 2021, ""platt_intercept"": -0.7406778693030955, ""platt_slope"": 0.8318600818456708}"
upwelling_supported_domain,2024,lambdamart_ranker,trajectory_plus_oisst_cuti_beuti,1989,2023,6275,2643,138,39,"{""calibration_end"": 2023, ""calibration_rows"": 432, ""calibration_start"": 2021, ""platt_intercept"": -0.7619264110445769, ""platt_slope"": 0.8731983615803534}"
